slide_id,entry_time,entry_datetime,fixation_start,fixation_start_datetime,fixation_end,fixation_end_datetime,staining_start,staining_start_datetime,staining_end,staining_end_datetime,reporting_start,reporting_start_datetime,reporting_end,reporting_end_datetime,exit_time,exit_datetime,fixation_reagent_used_ml,stain_reagent_used_ml,total_time_days,total_time_hours
1,0.049796083716739985,10:11 01/05/25,0.049796083716739985,10:11 01/05/25,0.06021275038340665,10:26 01/05/25,0.10257386149451761,11:27 01/05/25,0.12687941705007316,12:02 01/05/25,0.12687941705007316,12:02 01/05/25,0.13061186241907244,12:08 01/05/25,0.13061186241907244,12:08 01/05/25,10,10,0.08081577870233245,1.9395786888559787
2,0.06258502003494427,10:30 01/05/25,0.06258502003494427,10:30 01/05/25,0.07300168670161095,10:45 01/05/25,0.10257386149451761,11:27 01/05/25,0.12687941705007316,12:02 01/05/25,0.13061186241907244,12:08 01/05/25,0.13262840636656875,12:10 01/05/25,0.13262840636656875,12:10 01/05/25,10,10,0.07004338633162448,1.6810412719589873
3,0.09946806129226313,11:23 01/05/25,0.09946806129226313,11:23 01/05/25,0.1098847279589298,11:38 01/05/25,0.15224583907004077,12:39 01/05/25,0.17655139462559633,13:14 01/05/25,0.17655139462559633,13:14 01/05/25,0.18041559681831076,13:19 01/05/25,0.18041559681831076,13:19 01/05/25,10,10,0.08094753552604764,1.9427408526251433
4,0.18487251125583654,13:26 01/05/25,0.18487251125583654,13:26 01/05/25,0.1952891779225032,13:41 01/05/25,0.23765028903361415,14:42 01/05/25,0.2619558445891697,15:17 01/05/25,0.2619558445891697,15:17 01/05/25,0.26458691602508405,15:21 01/05/25,0.26458691602508405,15:21 01/05/25,10,10,0.07971440476924752,1.9131457144619404
5,0.19047309513426958,13:34 01/05/25,0.19047309513426958,13:34 01/05/25,0.20088976180093623,13:49 01/05/25,0.23765028903361415,14:42 01/05/25,0.2619558445891697,15:17 01/05/25,0.26458691602508405,15:21 01/05/25,0.26933681323995,15:27 01/05/25,0.26933681323995,15:27 01/05/25,10,10,0.07886371810568044,1.8927292345363305
6,1.0373499216821473,09:53 02/05/25,1.0373499216821473,09:53 02/05/25,1.047766588348814,10:08 02/05/25,1.0894332550154873,11:08 02/05/25,1.1137388105710428,11:43 02/05/25,1.1137388105710428,11:43 02/05/25,1.118180632361706,11:50 02/05/25,1.118180632361706,11:50 02/05/25,10,10,0.08083071067955871,1.9399370563094092
7,1.0397626940791738,09:57 02/05/25,1.0397626940791738,09:57 02/05/25,1.0501793607458405,10:12 02/05/25,1.0894332550154873,11:08 02/05/25,1.1137388105710428,11:43 02/05/25,1.118180632361706,11:50 02/05/25,1.1199621872929746,11:52 02/05/25,1.1199621872929746,11:52 02/05/25,10,10,0.08019949321380082,1.9247878371312197
8,1.0886188573308078,11:07 02/05/25,1.0886188573308078,11:07 02/05/25,1.0990355239974745,11:22 02/05/25,1.1407021906641477,12:22 02/05/25,1.1650077462197033,12:57 02/05/25,1.1650077462197033,12:57 02/05/25,1.168009232999188,13:01 02/05/25,1.168009232999188,13:01 02/05/25,10,10,0.07939037566838025,1.905369016041126
9,1.1177553211768552,11:49 02/05/25,1.1177553211768552,11:49 02/05/25,1.128171987843522,12:04 02/05/25,1.1407021906641477,12:22 02/05/25,1.1650077462197033,12:57 02/05/25,1.168009232999188,13:01 02/05/25,1.1718686275449413,13:07 02/05/25,1.1718686275449413,13:07 02/05/25,10,10,0.05411330636808609,1.2987193528340661
10,1.1889161288772545,13:32 02/05/25,1.1889161288772545,13:32 02/05/25,1.1993327955439212,13:47 02/05/25,1.2409994622105944,14:47 02/05/25,1.26530501776615,15:22 02/05/25,1.26530501776615,15:22 02/05/25,1.2701899352915258,15:29 02/05/25,1.2701899352915258,15:29 02/05/25,10,10,0.08127380641427129,1.950571353942511
11,1.2017861486320172,13:50 02/05/25,1.2017861486320172,13:50 02/05/25,1.212202815298684,14:05 02/05/25,1.2409994622105944,14:47 02/05/25,1.26530501776615,15:22 02/05/25,1.2701899352915258,15:29 02/05/25,1.2738122264200014,15:34 02/05/25,1.2738122264200014,15:34 02/05/25,10,10,0.0720260777879842,1.7286258669116208
12,1.210130161573011,14:02 02/05/25,1.210130161573011,14:02 02/05/25,1.2205468282396776,14:17 02/05/25,1.2409994622105944,14:47 02/05/25,1.26530501776615,15:22 02/05/25,1.2738122264200014,15:34 02/05/25,1.275823405738313,15:37 02/05/25,1.275823405738313,15:37 02/05/25,10,10,0.0656932441653022,1.5766378599672528
13,1.2270104414566763,14:26 02/05/25,1.2270104414566763,14:26 02/05/25,1.237427108123343,14:41 02/05/25,1.2409994622105944,14:47 02/05/25,1.26530501776615,15:22 02/05/25,1.275823405738313,15:37 02/05/25,1.2784903860790622,15:41 02/05/25,1.2784903860790622,15:41 02/05/25,10,10,0.05147994462238592,1.235518670937262
14,1.2341397217760042,14:37 02/05/25,1.2341397217760042,14:37 02/05/25,1.244556388442671,14:52 02/05/25,1.286223055109344,15:52 02/05/25,1.3105286106648997,16:27 02/05/25,4.086841413305466,11:05 05/05/25,4.090502766388388,11:10 05/05/25,4.090502766388388,11:10 05/05/25,10,10,2.856363044612384,68.55271307069722
15,1.2374223928887054,14:41 02/05/25,1.2374223928887054,14:41 02/05/25,1.247839059555372,14:56 02/05/25,1.286223055109344,15:52 02/05/25,1.3105286106648997,16:27 02/05/25,4.090502766388388,11:10 05/05/25,4.095041916808916,11:16 05/05/25,4.095041916808916,11:16 05/05/25,10,10,2.857619523920211,68.58286857408507
16,1.2693824209751552,15:27 02/05/25,1.2693824209751552,15:27 02/05/25,1.279799087641822,15:42 02/05/25,1.286223055109344,15:52 02/05/25,1.3105286106648997,16:27 02/05/25,4.095041916808916,11:16 05/05/25,4.097246207868112,11:20 05/05/25,4.097246207868112,11:20 05/05/25,10,10,2.827863786892957,67.86873088543096
17,1.270446691825292,15:29 02/05/25,1.270446691825292,15:29 02/05/25,1.2808633584919586,15:44 02/05/25,1.286223055109344,15:52 02/05/25,1.3105286106648997,16:27 02/05/25,4.097246207868112,11:20 05/05/25,4.099786633368141,11:23 05/05/25,4.099786633368141,11:23 05/05/25,10,10,2.829339941542849,67.90415859702838
18,4.009758079972153,09:14 05/05/25,4.009758079972153,09:14 05/05/25,4.02017474663882,09:29 05/05/25,4.062535857749911,10:30 05/05/25,4.086841413305466,11:05 05/05/25,4.099786633368141,11:23 05/05/25,4.105275954058484,11:31 05/05/25,4.105275954058484,11:31 05/05/25,10,10,0.0955178740863305,2.292428978071932
19,4.064792338255273,10:33 05/05/25,4.064792338255273,10:33 05/05/25,4.07520900492194,10:48 05/05/25,4.117570116033031,11:49 05/05/25,4.141875671588586,12:24 05/05/25,4.141875671588586,12:24 05/05/25,4.146378904118,12:30 05/05/25,4.146378904118,12:30 05/05/25,10,10,0.08158656586272706,1.9580775807054493
20,4.0813609216751745,10:57 05/05/25,4.0813609216751745,10:57 05/05/25,4.0917775883418415,11:12 05/05/25,4.117570116033031,11:49 05/05/25,4.141875671588586,12:24 05/05/25,4.146378904118,12:30 05/05/25,4.148675024794522,12:34 05/05/25,4.148675024794522,12:34 05/05/25,10,10,0.06731410311934738,1.615538474864337
21,4.085242666685116,11:02 05/05/25,4.085242666685116,11:02 05/05/25,4.095659333351783,11:17 05/05/25,4.117570116033031,11:49 05/05/25,4.141875671588586,12:24 05/05/25,4.148675024794522,12:34 05/05/25,4.151395598509999,12:38 05/05/25,4.151395598509999,12:38 05/05/25,10,10,0.0661529318248828,1.5876703637971872
22,4.086674892013821,11:04 05/05/25,4.086674892013821,11:04 05/05/25,4.097091558680488,11:19 05/05/25,4.117570116033031,11:49 05/05/25,4.141875671588586,12:24 05/05/25,4.151395598509999,12:38 05/05/25,4.154663557859701,12:42 05/05/25,4.154663557859701,12:42 05/05/25,10,10,0.06798866584587948,1.6317279803011076
23,4.098740418864728,11:22 05/05/25,4.098740418864728,11:22 05/05/25,4.109157085531395,11:37 05/05/25,4.117570116033031,11:49 05/05/25,4.141875671588586,12:24 05/05/25,4.154663557859701,12:42 05/05/25,4.155385619121712,12:43 05/05/25,4.155385619121712,12:43 05/05/25,10,10,0.05664520025698394,1.3594848061676146
24,4.112345260407668,11:41 05/05/25,4.112345260407668,11:41 05/05/25,4.122761927074335,11:56 05/05/25,4.165123038185426,12:57 05/05/25,4.189428593740981,13:32 05/05/25,4.189428593740981,13:32 05/05/25,4.191955706640642,13:36 05/05/25,4.191955706640642,13:36 05/05/25,10,10,0.07961044623297386,1.9106507095913727
25,4.133810535994962,12:12 05/05/25,4.133810535994962,12:12 05/05/25,4.144227202661629,12:27 05/05/25,4.165123038185426,12:57 05/05/25,4.189428593740981,13:32 05/05/25,4.191955706640642,13:36 05/05/25,4.196283030521363,13:42 05/05/25,4.196283030521363,13:42 05/05/25,10,10,0.06247249452640169,1.4993398686336405
26,4.135857558036543,12:15 05/05/25,4.135857558036543,12:15 05/05/25,4.14627422470321,12:30 05/05/25,4.165123038185426,12:57 05/05/25,4.189428593740981,13:32 05/05/25,4.196283030521363,13:42 05/05/25,4.200930157294085,13:49 05/05/25,4.200930157294085,13:49 05/05/25,10,10,0.06507259925754205,1.5617423821810092
27,4.178577261634636,13:17 05/05/25,4.178577261634636,13:17 05/05/25,4.188993928301303,13:32 05/05/25,4.231355039412394,14:33 05/05/25,4.255660594967949,15:08 05/05/25,4.255660594967949,15:08 05/05/25,4.259014711116854,15:12 05/05/25,4.259014711116854,15:12 05/05/25,10,10,0.08043744948221754,1.930498787573221
28,4.222342011641562,14:20 05/05/25,4.222342011641562,14:20 05/05/25,4.232758678308229,14:35 05/05/25,4.275119789419319,15:36 05/05/25,4.299425344974875,16:11 05/05/25,5.099153436531143,11:22 06/05/25,5.1053576085630015,11:31 06/05/25,5.1053576085630015,11:31 06/05/25,10,10,0.8830155969214397,21.192374326114553
29,5.02207010319783,09:31 06/05/25,5.02207010319783,09:31 06/05/25,5.032486769864497,09:46 06/05/25,5.074847880975588,10:47 06/05/25,5.099153436531143,11:22 06/05/25,5.1053576085630015,11:31 06/05/25,5.112022894567728,11:41 06/05/25,5.112022894567728,11:41 06/05/25,10,10,0.08995279136989787,2.158866992877549
30,5.226679871444175,14:26 06/05/25,5.226679871444175,14:26 06/05/25,5.237096538110842,14:41 06/05/25,5.279457649221933,15:42 06/05/25,5.303763204777488,16:17 06/05/25,6.084539300387674,11:01 07/05/25,6.089922269904707,11:09 07/05/25,6.089922269904707,11:09 07/05/25,10,10,0.8632423984605317,20.717817563052762
31,5.255571679808855,15:08 06/05/25,5.255571679808855,15:08 06/05/25,5.265988346475522,15:23 06/05/25,5.279457649221933,15:42 06/05/25,5.303763204777488,16:17 06/05/25,6.089922269904707,11:09 07/05/25,6.093564608962265,11:14 07/05/25,6.093564608962265,11:14 07/05/25,10,10,0.8379929291534101,20.11183029968184
32,5.2825857444717705,15:46 06/05/25,5.2825857444717705,15:46 06/05/25,5.2930024111384375,16:01 06/05/25,6.060233744832119,10:26 07/05/25,6.084539300387674,11:01 07/05/25,6.093564608962265,11:14 07/05/25,6.097805686488184,11:20 07/05/25,6.097805686488184,11:20 07/05/25,10,10,0.8152199420164132,19.565278608393918
33,6.007455967054361,09:10 07/05/25,6.007455967054361,09:10 07/05/25,6.017872633721028,09:25 07/05/25,6.084539300387674,11:01 07/05/25,6.10884485594323,11:36 07/05/25,6.10884485594323,11:36 07/05/25,6.112373268842571,11:41 07/05/25,6.112373268842571,11:41 07/05/25,10,10,0.1049173017882099,2.5180152429170377
34,6.0576595490192044,10:23 07/05/25,6.0576595490192044,10:23 07/05/25,6.068076215685871,10:38 07/05/25,6.110437326796962,11:39 07/05/25,6.134742882352517,12:14 07/05/25,6.134742882352517,12:14 07/05/25,6.137849800620752,12:18 07/05/25,6.137849800620752,12:18 07/05/25,10,10,0.08019025160154758,1.924566038437142
35,6.12043366395921,11:53 07/05/25,6.12043366395921,11:53 07/05/25,6.130850330625877,12:08 07/05/25,6.173211441736967,13:09 07/05/25,6.197516997292523,13:44 07/05/25,6.197516997292523,13:44 07/05/25,6.201200598857084,13:49 07/05/25,6.201200598857084,13:49 07/05/25,10,10,0.08076693489787434,1.9384064375489842
36,6.194041836247523,13:39 07/05/25,6.194041836247523,13:39 07/05/25,6.20445850291419,13:54 07/05/25,6.246819614025281,14:55 07/05/25,6.271125169580836,15:30 07/05/25,6.271125169580836,15:30 07/05/25,6.278374427399235,15:40 07/05/25,6.278374427399235,15:40 07/05/25,10,10,0.08433259115171143,2.0239821876410744
37,7.020238192328871,09:29 08/05/25,7.020238192328871,09:29 08/05/25,7.030654858995538,09:44 08/05/25,7.073015970106629,10:45 08/05/25,7.097321525662184,11:20 08/05/25,7.097321525662184,11:20 08/05/25,7.100939381244901,11:25 08/05/25,7.100939381244901,11:25 08/05/25,10,10,0.08070118891602984,1.9368285339847162
38,7.032132404361689,09:46 08/05/25,7.032132404361689,09:46 08/05/25,7.042549071028356,10:01 08/05/25,7.073015970106629,10:45 08/05/25,7.097321525662184,11:20 08/05/25,7.100939381244901,11:25 08/05/25,7.1045415464548,11:30 08/05/25,7.1045415464548,11:30 08/05/25,10,10,0.072409142093111,1.737819410234664
39,7.058444147572996,10:24 08/05/25,7.058444147572996,10:24 08/05/25,7.068860814239663,10:39 08/05/25,7.073015970106629,10:45 08/05/25,7.097321525662184,11:20 08/05/25,7.1045415464548,11:30 08/05/25,7.107675369087731,11:35 08/05/25,7.107675369087731,11:35 08/05/25,10,10,0.04923122151473436,1.1815493163536246
40,7.065578493573617,10:34 08/05/25,7.065578493573617,10:34 08/05/25,7.075995160240284,10:49 08/05/25,7.118356271351375,11:50 08/05/25,7.14266182690693,12:25 08/05/25,7.14266182690693,12:25 08/05/25,7.146621549416528,12:31 08/05/25,7.146621549416528,12:31 08/05/25,10,10,0.08104305584291094,1.9450333402298625
41,7.116134787772506,11:47 08/05/25,7.116134787772506,11:47 08/05/25,7.126551454439173,12:02 08/05/25,7.168912565550263,13:03 08/05/25,7.193218121105819,13:38 08/05/25,7.193218121105819,13:38 08/05/25,7.19585669128705,13:42 08/05/25,7.19585669128705,13:42 08/05/25,10,10,0.07972190351454422,1.9133256843490614
42,7.131424868729432,12:09 08/05/25,7.131424868729432,12:09 08/05/25,7.141841535396099,12:24 08/05/25,7.168912565550263,13:03 08/05/25,7.193218121105819,13:38 08/05/25,7.19585669128705,13:42 08/05/25,7.197572017406597,13:44 08/05/25,7.197572017406597,13:44 08/05/25,10,10,0.06614714867716476,1.5875315682519542
43,7.158905417820889,12:48 08/05/25,7.158905417820889,12:48 08/05/25,7.169322084487556,13:03 08/05/25,7.2116831955986465,14:04 08/05/25,7.235988751154202,14:39 08/05/25,7.235988751154202,14:39 08/05/25,7.240995774626075,14:47 08/05/25,7.240995774626075,14:47 08/05/25,10,10,0.08209035680518628,1.9701685633244708
44,7.20518906207762,13:55 08/05/25,7.20518906207762,13:55 08/05/25,7.215605728744287,14:10 08/05/25,7.257966839855378,15:11 08/05/25,7.282272395410933,15:46 08/05/25,7.282272395410933,15:46 08/05/25,7.2878386066055265,15:54 08/05/25,7.2878386066055265,15:54 08/05/25,10,10,0.0826495445279063,1.983589068669751
45,7.2290905973082165,14:29 08/05/25,7.2290905973082165,14:29 08/05/25,7.239507263974883,14:44 08/05/25,7.257966839855378,15:11 08/05/25,7.282272395410933,15:46 08/05/25,7.2878386066055265,15:54 08/05/25,7.293158713759947,16:02 08/05/25,7.293158713759947,16:02 08/05/25,10,10,0.06406811645173072,1.5376347948415372
46,7.243813083286531,14:51 08/05/25,7.243813083286531,14:51 08/05/25,7.254229749953198,15:06 08/05/25,7.257966839855378,15:11 08/05/25,7.282272395410933,15:46 08/05/25,8.097504601772824,11:20 09/05/25,8.09819904621727,11:21 09/05/25,8.09819904621727,11:21 09/05/25,10,10,0.8543859629307384,20.505263110337722
47,8.021115712883903,09:30 09/05/25,8.021115712883903,09:30 09/05/25,8.031532379550569,09:45 09/05/25,8.073199046217269,10:45 09/05/25,8.097504601772824,11:20 09/05/25,8.09819904621727,11:21 09/05/25,8.101131610778388,11:25 09/05/25,8.101131610778388,11:25 09/05/25,10,10,0.08001589789448538,1.920381549467649
48,8.032524367488044,09:46 09/05/25,8.032524367488044,09:46 09/05/25,8.04294103415471,10:01 09/05/25,8.073199046217269,10:45 09/05/25,8.097504601772824,11:20 09/05/25,8.101131610778388,11:25 09/05/25,8.1042782033994,11:30 09/05/25,8.1042782033994,11:30 09/05/25,10,10,0.07175383591135542,1.7220920618725302
49,8.03502924148663,09:50 09/05/25,8.03502924148663,09:50 09/05/25,8.045445908153296,10:05 09/05/25,8.073199046217269,10:45 09/05/25,8.097504601772824,11:20 09/05/25,8.1042782033994,11:30 09/05/25,8.109310849261982,11:37 09/05/25,8.109310849261982,11:37 09/05/25,10,10,0.07428160777535275,1.782758586608466
50,8.123101854426949,11:57 09/05/25,8.123101854426949,11:57 09/05/25,8.133518521093615,12:12 09/05/25,8.175185187760315,13:12 09/05/25,8.19949074331587,13:47 09/05/25,8.19949074331587,13:47 09/05/25,8.205308997641103,13:55 09/05/25,8.205308997641103,13:55 09/05/25,10,10,0.08220714321415379,1.972971437139691
51,8.15670424564824,12:45 09/05/25,8.15670424564824,12:45 09/05/25,8.167120912314907,13:00 09/05/25,8.175185187760315,13:12 09/05/25,8.19949074331587,13:47 09/05/25,8.205308997641103,13:55 09/05/25,8.208252761886863,13:59 09/05/25,8.208252761886863,13:59 09/05/25,10,10,0.051548516238622,1.237164389726928
52,8.162095341005028,12:53 09/05/25,8.162095341005028,12:53 09/05/25,8.172512007671694,13:08 09/05/25,8.175185187760315,13:12 09/05/25,8.19949074331587,13:47 09/05/25,8.208252761886863,13:59 09/05/25,8.210793629642637,14:03 09/05/25,8.210793629642637,14:03 09/05/25,10,10,0.04869828863760972,1.1687589273026333
53,8.236384741311285,14:40 09/05/25,8.236384741311285,14:40 09/05/25,8.246801407977951,14:55 09/05/25,8.288468074644651,15:55 09/05/25,8.312773630200207,16:30 09/05/25,,,,,,,10,10,,
