Patient ID,Type,Arrival,Reporting Queue,Reporting Start,Reporting End,Completed
Cerv-000001,cervical_biopsy,2026-05-01 09:00,2026-05-15 13:25,2026-05-15 13:25,2026-05-15 13:36,Yes
Cerv-000002,cervical_biopsy,2026-05-01 12:45,N/A,N/A,N/A,No
Cerv-000003,cervical_biopsy,2026-05-02 09:00,2026-05-08 17:31,2026-05-09 10:00,2026-05-09 10:14,Yes
Cerv-000004,cervical_biopsy,2026-05-02 13:19,N/A,N/A,N/A,No
Cerv-000005,cervical_biopsy,2026-05-03 09:00,N/A,N/A,N/A,No
Cerv-000006,cervical_biopsy,2026-05-04 09:00,N/A,N/A,N/A,No
Cerv-000007,cervical_biopsy,2026-05-04 12:56,N/A,N/A,N/A,No
Cerv-000008,cervical_biopsy,2026-05-05 09:00,N/A,N/A,N/A,No
Cerv-000009,cervical_biopsy,2026-05-06 09:00,N/A,N/A,N/A,No
Cerv-000010,cervical_biopsy,2026-05-06 09:57,N/A,N/A,N/A,No
Cerv-000011,cervical_biopsy,2026-05-06 14:23,N/A,N/A,N/A,No
Cerv-000012,cervical_biopsy,2026-05-07 09:00,N/A,N/A,N/A,No
Cerv-000013,cervical_biopsy,2026-05-07 10:03,N/A,N/A,N/A,No
Cerv-000014,cervical_biopsy,2026-05-07 14:52,N/A,N/A,N/A,No
Cerv-000015,cervical_biopsy,2026-05-08 09:00,N/A,N/A,N/A,No
Cerv-000016,cervical_biopsy,2026-05-08 14:51,N/A,N/A,N/A,No
Cerv-000017,cervical_biopsy,2026-05-08 16:58,N/A,N/A,N/A,No
Cerv-000018,cervical_biopsy,2026-05-09 09:00,N/A,N/A,N/A,No
Cerv-000019,cervical_biopsy,2026-05-10 09:00,N/A,N/A,N/A,No
Cerv-000020,cervical_biopsy,2026-05-11 09:00,N/A,N/A,N/A,No
Cerv-000021,cervical_biopsy,2026-05-11 13:26,N/A,N/A,N/A,No
Cerv-000022,cervical_biopsy,2026-05-11 13:54,N/A,N/A,N/A,No
Cerv-000023,cervical_biopsy,2026-05-11 14:56,N/A,N/A,N/A,No
Cerv-000024,cervical_biopsy,2026-05-11 14:59,N/A,N/A,N/A,No
Cerv-000025,cervical_biopsy,2026-05-12 09:00,N/A,N/A,N/A,No
Cerv-000026,cervical_biopsy,2026-05-13 09:00,N/A,N/A,N/A,No
Cerv-000027,cervical_biopsy,2026-05-13 09:29,N/A,N/A,N/A,No
Cerv-000028,cervical_biopsy,2026-05-13 12:54,N/A,N/A,N/A,No
Cerv-000029,cervical_biopsy,2026-05-14 09:00,N/A,N/A,N/A,No
Cerv-000030,cervical_biopsy,2026-05-15 09:00,N/A,N/A,N/A,No
Cerv-000031,cervical_biopsy,2026-05-16 09:00,N/A,N/A,N/A,No
Cerv-000032,cervical_biopsy,2026-05-16 09:58,N/A,N/A,N/A,No
Cerv-000033,cervical_biopsy,2026-05-16 14:56,N/A,N/A,N/A,No
Cerv-000034,cervical_biopsy,2026-05-17 09:00,N/A,N/A,N/A,No
Cerv-000035,cervical_biopsy,2026-05-18 09:00,N/A,N/A,N/A,No
Cerv-000036,cervical_biopsy,2026-05-18 11:57,N/A,N/A,N/A,No
Cerv-000037,cervical_biopsy,2026-05-18 13:11,N/A,N/A,N/A,No
Cerv-000038,cervical_biopsy,2026-05-18 13:30,N/A,N/A,N/A,No
Cerv-000039,cervical_biopsy,2026-05-18 14:54,N/A,N/A,N/A,No
Cerv-000040,cervical_biopsy,2026-05-19 09:00,N/A,N/A,N/A,No
Cerv-000041,cervical_biopsy,2026-05-20 09:00,N/A,N/A,N/A,No
Cerv-000042,cervical_biopsy,2026-05-20 11:31,N/A,N/A,N/A,No
NonCerv-000001,non_cervical_biopsy,2026-05-01 09:00,2026-05-11 12:50,2026-05-11 12:50,2026-05-11 13:21,Yes
NonCerv-000002,non_cervical_biopsy,2026-05-01 09:28,2026-05-04 12:15,2026-05-04 12:15,2026-05-04 13:26,Yes
NonCerv-000003,non_cervical_biopsy,2026-05-01 09:30,2026-05-19 12:31,2026-05-19 12:31,2026-05-19 12:52,Yes
NonCerv-000004,non_cervical_biopsy,2026-05-01 09:31,2026-05-15 12:15,2026-05-15 12:15,2026-05-15 13:15,Yes
NonCerv-000005,non_cervical_biopsy,2026-05-01 09:39,N/A,N/A,N/A,No
NonCerv-000006,non_cervical_biopsy,2026-05-01 09:40,2026-05-05 12:50,2026-05-05 12:50,2026-05-05 13:33,Yes
NonCerv-000007,non_cervical_biopsy,2026-05-01 09:57,2026-05-05 12:15,2026-05-05 12:15,2026-05-05 12:57,Yes
NonCerv-000008,non_cervical_biopsy,2026-05-01 09:59,2026-05-09 16:41,2026-05-10 10:28,2026-05-10 11:37,Yes
NonCerv-000009,non_cervical_biopsy,2026-05-01 10:02,2026-05-06 13:25,2026-05-06 13:25,2026-05-06 13:58,Yes
NonCerv-000010,non_cervical_biopsy,2026-05-01 10:08,2026-05-04 12:15,2026-05-04 12:15,2026-05-04 12:43,Yes
NonCerv-000011,non_cervical_biopsy,2026-05-01 10:17,2026-05-07 13:25,2026-05-07 13:25,2026-05-07 14:09,Yes
NonCerv-000012,non_cervical_biopsy,2026-05-01 10:20,2026-05-17 13:25,2026-05-18 10:04,2026-05-18 10:55,Yes
NonCerv-000013,non_cervical_biopsy,2026-05-01 10:26,2026-05-09 16:06,2026-05-10 10:00,2026-05-10 10:43,Yes
NonCerv-000014,non_cervical_biopsy,2026-05-01 10:28,2026-05-03 12:15,2026-05-04 10:00,2026-05-04 10:33,Yes
NonCerv-000015,non_cervical_biopsy,2026-05-01 10:37,2026-05-04 13:25,2026-05-04 13:26,2026-05-04 14:14,Yes
NonCerv-000016,non_cervical_biopsy,2026-05-01 10:46,N/A,N/A,N/A,No
NonCerv-000017,non_cervical_biopsy,2026-05-01 10:46,2026-05-18 12:50,2026-05-18 12:50,2026-05-18 13:02,Yes
NonCerv-000018,non_cervical_biopsy,2026-05-01 11:19,2026-05-03 12:50,2026-05-04 10:00,2026-05-04 10:08,Yes
NonCerv-000019,non_cervical_biopsy,2026-05-01 11:22,2026-05-08 12:31,2026-05-08 12:31,2026-05-08 13:45,Yes
NonCerv-000020,non_cervical_biopsy,2026-05-01 11:33,2026-05-09 15:31,2026-05-10 10:00,2026-05-10 10:28,Yes
NonCerv-000021,non_cervical_biopsy,2026-05-01 11:34,2026-05-20 16:41,N/A,N/A,No
NonCerv-000022,non_cervical_biopsy,2026-05-01 11:35,2026-05-14 13:25,2026-05-14 13:25,2026-05-14 13:41,Yes
NonCerv-000023,non_cervical_biopsy,2026-05-01 11:38,2026-05-10 14:06,2026-05-11 10:00,2026-05-11 10:51,Yes
NonCerv-000024,non_cervical_biopsy,2026-05-01 11:41,2026-05-05 13:25,2026-05-05 13:25,2026-05-05 13:37,Yes
NonCerv-000025,non_cervical_biopsy,2026-05-01 11:49,2026-05-18 12:15,2026-05-18 12:15,2026-05-18 12:56,Yes
NonCerv-000026,non_cervical_biopsy,2026-05-01 12:22,2026-05-20 16:06,N/A,N/A,No
NonCerv-000027,non_cervical_biopsy,2026-05-01 12:49,2026-05-06 12:15,2026-05-06 12:15,2026-05-06 12:24,Yes
NonCerv-000028,non_cervical_biopsy,2026-05-01 12:50,2026-05-07 12:50,2026-05-07 12:50,2026-05-07 13:33,Yes
NonCerv-000029,non_cervical_biopsy,2026-05-01 12:51,2026-05-07 12:15,2026-05-07 12:15,2026-05-07 12:42,Yes
NonCerv-000030,non_cervical_biopsy,2026-05-01 12:55,2026-05-08 11:56,2026-05-08 11:56,2026-05-08 12:41,Yes
NonCerv-000031,non_cervical_biopsy,2026-05-01 13:12,2026-05-11 13:25,2026-05-11 13:25,2026-05-11 13:44,Yes
NonCerv-000032,non_cervical_biopsy,2026-05-01 13:15,2026-05-19 11:56,2026-05-19 11:56,2026-05-19 12:28,Yes
NonCerv-000033,non_cervical_biopsy,2026-05-01 13:17,N/A,N/A,N/A,No
NonCerv-000034,non_cervical_biopsy,2026-05-01 13:18,2026-05-06 12:15,2026-05-06 12:15,2026-05-06 13:07,Yes
NonCerv-000035,non_cervical_biopsy,2026-05-01 13:32,2026-05-19 12:31,2026-05-19 12:31,2026-05-19 12:55,Yes
NonCerv-000036,non_cervical_biopsy,2026-05-01 13:32,2026-05-17 12:15,2026-05-18 10:00,2026-05-18 10:43,Yes
NonCerv-000037,non_cervical_biopsy,2026-05-01 13:44,2026-05-03 13:25,2026-05-04 10:08,2026-05-04 10:38,Yes
NonCerv-000038,non_cervical_biopsy,2026-05-01 13:58,2026-05-04 13:25,2026-05-04 13:25,2026-05-04 14:07,Yes
NonCerv-000039,non_cervical_biopsy,2026-05-01 14:02,2026-05-14 12:50,2026-05-14 12:50,2026-05-14 12:56,Yes
NonCerv-000040,non_cervical_biopsy,2026-05-01 14:21,2026-05-03 12:50,2026-05-04 10:00,2026-05-04 10:36,Yes
NonCerv-000041,non_cervical_biopsy,2026-05-01 14:25,2026-05-08 11:21,2026-05-08 11:21,2026-05-08 11:36,Yes
NonCerv-000042,non_cervical_biopsy,2026-05-01 14:29,2026-05-15 12:15,2026-05-15 12:15,2026-05-15 12:48,Yes
NonCerv-000043,non_cervical_biopsy,2026-05-01 14:41,2026-05-10 14:06,2026-05-11 10:00,2026-05-11 10:42,Yes
NonCerv-000044,non_cervical_biopsy,2026-05-01 15:02,2026-05-17 12:50,2026-05-18 10:00,2026-05-18 11:12,Yes
NonCerv-000045,non_cervical_biopsy,2026-05-01 15:03,2026-05-13 12:15,2026-05-13 12:15,2026-05-13 13:18,Yes
NonCerv-000046,non_cervical_biopsy,2026-05-01 15:17,2026-05-11 12:15,2026-05-11 12:15,2026-05-11 12:56,Yes
NonCerv-000047,non_cervical_biopsy,2026-05-01 15:31,2026-05-09 09:35,2026-05-09 10:14,2026-05-09 11:02,Yes
NonCerv-000048,non_cervical_biopsy,2026-05-01 15:38,2026-05-05 12:50,2026-05-05 12:50,2026-05-05 13:13,Yes
NonCerv-000049,non_cervical_biopsy,2026-05-01 15:39,2026-05-15 13:25,2026-05-15 13:25,2026-05-15 13:52,Yes
NonCerv-000050,non_cervical_biopsy,2026-05-01 15:39,2026-05-12 12:15,2026-05-12 12:15,2026-05-12 13:13,Yes
NonCerv-000051,non_cervical_biopsy,2026-05-01 15:42,2026-05-07 12:50,2026-05-07 12:50,2026-05-07 13:09,Yes
NonCerv-000052,non_cervical_biopsy,2026-05-01 16:05,2026-05-19 11:21,2026-05-19 11:21,2026-05-19 11:51,Yes
NonCerv-000053,non_cervical_biopsy,2026-05-01 16:10,2026-05-04 12:50,2026-05-04 12:50,2026-05-04 14:11,Yes
NonCerv-000054,non_cervical_biopsy,2026-05-01 16:13,2026-05-06 12:50,2026-05-06 12:50,2026-05-06 13:47,Yes
NonCerv-000055,non_cervical_biopsy,2026-05-01 16:16,2026-05-19 18:06,2026-05-20 10:00,2026-05-20 10:24,Yes
NonCerv-000056,non_cervical_biopsy,2026-05-01 16:42,N/A,N/A,N/A,No
NonCerv-000057,non_cervical_biopsy,2026-05-01 16:51,2026-05-06 13:25,2026-05-06 13:25,2026-05-06 14:17,Yes
NonCerv-000058,non_cervical_biopsy,2026-05-02 09:00,2026-05-14 12:50,2026-05-14 12:50,2026-05-14 13:00,Yes
NonCerv-000059,non_cervical_biopsy,2026-05-02 09:02,2026-05-14 12:15,2026-05-14 12:15,2026-05-14 12:36,Yes
NonCerv-000060,non_cervical_biopsy,2026-05-02 09:29,N/A,N/A,N/A,No
NonCerv-000061,non_cervical_biopsy,2026-05-02 09:36,N/A,N/A,N/A,No
NonCerv-000062,non_cervical_biopsy,2026-05-02 09:41,2026-05-12 12:50,2026-05-12 12:50,2026-05-12 13:28,Yes
NonCerv-000063,non_cervical_biopsy,2026-05-02 10:12,2026-05-13 13:25,2026-05-13 13:25,2026-05-13 13:39,Yes
NonCerv-000064,non_cervical_biopsy,2026-05-02 10:16,N/A,N/A,N/A,No
NonCerv-000065,non_cervical_biopsy,2026-05-02 10:16,2026-05-08 12:31,2026-05-08 12:31,2026-05-08 13:20,Yes
NonCerv-000066,non_cervical_biopsy,2026-05-02 10:23,N/A,N/A,N/A,No
NonCerv-000067,non_cervical_biopsy,2026-05-02 10:26,2026-05-09 15:31,2026-05-10 10:00,2026-05-10 11:17,Yes
NonCerv-000068,non_cervical_biopsy,2026-05-02 10:29,N/A,N/A,N/A,No
NonCerv-000069,non_cervical_biopsy,2026-05-02 10:35,N/A,N/A,N/A,No
NonCerv-000070,non_cervical_biopsy,2026-05-02 10:38,2026-05-12 13:25,2026-05-12 13:25,2026-05-12 14:23,Yes
NonCerv-000071,non_cervical_biopsy,2026-05-02 10:51,N/A,N/A,N/A,No
NonCerv-000072,non_cervical_biopsy,2026-05-02 10:56,2026-05-20 15:31,N/A,N/A,No
NonCerv-000073,non_cervical_biopsy,2026-05-02 11:05,N/A,N/A,N/A,No
NonCerv-000074,non_cervical_biopsy,2026-05-02 11:06,2026-05-11 12:15,2026-05-11 12:15,2026-05-11 12:33,Yes
NonCerv-000075,non_cervical_biopsy,2026-05-02 11:10,N/A,N/A,N/A,No
NonCerv-000076,non_cervical_biopsy,2026-05-02 11:10,2026-05-08 11:21,2026-05-08 11:21,2026-05-08 11:57,Yes
NonCerv-000077,non_cervical_biopsy,2026-05-02 11:21,2026-05-12 12:50,2026-05-12 12:50,2026-05-12 13:09,Yes
NonCerv-000078,non_cervical_biopsy,2026-05-02 11:28,2026-05-11 09:35,2026-05-11 10:42,2026-05-11 11:46,Yes
NonCerv-000079,non_cervical_biopsy,2026-05-02 11:38,2026-05-16 13:25,2026-05-16 13:25,2026-05-16 13:45,Yes
NonCerv-000080,non_cervical_biopsy,2026-05-02 11:49,2026-05-09 16:41,2026-05-10 10:43,2026-05-10 11:01,Yes
NonCerv-000081,non_cervical_biopsy,2026-05-02 12:16,N/A,N/A,N/A,No
NonCerv-000082,non_cervical_biopsy,2026-05-02 12:17,2026-05-13 13:25,2026-05-13 13:25,2026-05-13 13:58,Yes
NonCerv-000083,non_cervical_biopsy,2026-05-02 12:37,N/A,N/A,N/A,No
NonCerv-000084,non_cervical_biopsy,2026-05-02 12:48,2026-05-13 12:50,2026-05-13 12:50,2026-05-13 13:11,Yes
NonCerv-000085,non_cervical_biopsy,2026-05-02 12:55,N/A,N/A,N/A,No
NonCerv-000086,non_cervical_biopsy,2026-05-02 12:56,N/A,N/A,N/A,No
NonCerv-000087,non_cervical_biopsy,2026-05-02 13:18,2026-05-16 12:50,2026-05-16 12:50,2026-05-16 13:17,Yes
NonCerv-000088,non_cervical_biopsy,2026-05-02 13:22,N/A,N/A,N/A,No
NonCerv-000089,non_cervical_biopsy,2026-05-02 13:43,2026-05-08 18:06,2026-05-09 10:00,2026-05-09 10:53,Yes
NonCerv-000090,non_cervical_biopsy,2026-05-02 13:53,N/A,N/A,N/A,No
NonCerv-000091,non_cervical_biopsy,2026-05-02 14:15,N/A,N/A,N/A,No
NonCerv-000092,non_cervical_biopsy,2026-05-02 14:16,2026-05-11 13:25,2026-05-11 13:25,2026-05-11 13:36,Yes
NonCerv-000093,non_cervical_biopsy,2026-05-02 14:16,N/A,N/A,N/A,No
NonCerv-000094,non_cervical_biopsy,2026-05-02 14:23,N/A,N/A,N/A,No
NonCerv-000095,non_cervical_biopsy,2026-05-02 14:26,2026-05-16 12:15,2026-05-16 12:15,2026-05-16 12:35,Yes
NonCerv-000096,non_cervical_biopsy,2026-05-02 14:28,N/A,N/A,N/A,No
NonCerv-000097,non_cervical_biopsy,2026-05-02 14:42,N/A,N/A,N/A,No
NonCerv-000098,non_cervical_biopsy,2026-05-02 15:00,2026-05-10 13:31,2026-05-11 10:00,2026-05-11 10:42,Yes
NonCerv-000099,non_cervical_biopsy,2026-05-02 15:08,2026-05-15 12:50,2026-05-15 12:50,2026-05-15 13:13,Yes
NonCerv-000100,non_cervical_biopsy,2026-05-02 15:12,N/A,N/A,N/A,No
NonCerv-000101,non_cervical_biopsy,2026-05-02 15:15,N/A,N/A,N/A,No
NonCerv-000102,non_cervical_biopsy,2026-05-02 15:20,N/A,N/A,N/A,No
NonCerv-000103,non_cervical_biopsy,2026-05-02 15:29,N/A,N/A,N/A,No
NonCerv-000104,non_cervical_biopsy,2026-05-02 15:38,N/A,N/A,N/A,No
NonCerv-000105,non_cervical_biopsy,2026-05-02 15:40,2026-05-08 18:06,2026-05-09 10:00,2026-05-09 10:27,Yes
NonCerv-000106,non_cervical_biopsy,2026-05-02 15:43,2026-05-13 12:15,2026-05-13 12:15,2026-05-13 13:46,Yes
NonCerv-000107,non_cervical_biopsy,2026-05-02 15:53,N/A,N/A,N/A,No
NonCerv-000108,non_cervical_biopsy,2026-05-02 16:20,2026-05-18 13:25,2026-05-18 13:25,2026-05-18 13:51,Yes
NonCerv-000109,non_cervical_biopsy,2026-05-02 16:43,N/A,N/A,N/A,No
NonCerv-000110,non_cervical_biopsy,2026-05-02 16:49,N/A,N/A,N/A,No
NonCerv-000111,non_cervical_biopsy,2026-05-03 09:00,N/A,N/A,N/A,No
NonCerv-000112,non_cervical_biopsy,2026-05-03 09:12,N/A,N/A,N/A,No
NonCerv-000113,non_cervical_biopsy,2026-05-03 09:16,N/A,N/A,N/A,No
NonCerv-000114,non_cervical_biopsy,2026-05-03 09:32,N/A,N/A,N/A,No
NonCerv-000115,non_cervical_biopsy,2026-05-03 09:55,N/A,N/A,N/A,No
NonCerv-000116,non_cervical_biopsy,2026-05-03 10:11,N/A,N/A,N/A,No
NonCerv-000117,non_cervical_biopsy,2026-05-03 10:22,N/A,N/A,N/A,No
NonCerv-000118,non_cervical_biopsy,2026-05-03 10:43,N/A,N/A,N/A,No
NonCerv-000119,non_cervical_biopsy,2026-05-03 10:44,N/A,N/A,N/A,No
NonCerv-000120,non_cervical_biopsy,2026-05-03 10:45,N/A,N/A,N/A,No
NonCerv-000121,non_cervical_biopsy,2026-05-03 10:52,2026-05-16 12:50,2026-05-16 12:50,2026-05-16 14:02,Yes
NonCerv-000122,non_cervical_biopsy,2026-05-03 11:01,N/A,N/A,N/A,No
NonCerv-000123,non_cervical_biopsy,2026-05-03 11:01,2026-05-19 17:31,2026-05-20 10:00,2026-05-20 10:22,Yes
NonCerv-000124,non_cervical_biopsy,2026-05-03 11:05,N/A,N/A,N/A,No
NonCerv-000125,non_cervical_biopsy,2026-05-03 11:13,N/A,N/A,N/A,No
NonCerv-000126,non_cervical_biopsy,2026-05-03 11:15,N/A,N/A,N/A,No
NonCerv-000127,non_cervical_biopsy,2026-05-03 11:15,N/A,N/A,N/A,No
NonCerv-000128,non_cervical_biopsy,2026-05-03 11:23,N/A,N/A,N/A,No
NonCerv-000129,non_cervical_biopsy,2026-05-03 11:35,N/A,N/A,N/A,No
NonCerv-000130,non_cervical_biopsy,2026-05-03 11:39,N/A,N/A,N/A,No
NonCerv-000131,non_cervical_biopsy,2026-05-03 11:42,2026-05-17 12:15,2026-05-18 10:00,2026-05-18 10:04,Yes
NonCerv-000132,non_cervical_biopsy,2026-05-03 11:43,N/A,N/A,N/A,No
NonCerv-000133,non_cervical_biopsy,2026-05-03 12:14,N/A,N/A,N/A,No
NonCerv-000134,non_cervical_biopsy,2026-05-03 12:26,2026-05-20 15:31,N/A,N/A,No
NonCerv-000135,non_cervical_biopsy,2026-05-03 12:28,N/A,N/A,N/A,No
NonCerv-000136,non_cervical_biopsy,2026-05-03 12:35,N/A,N/A,N/A,No
NonCerv-000137,non_cervical_biopsy,2026-05-03 12:46,N/A,N/A,N/A,No
NonCerv-000138,non_cervical_biopsy,2026-05-03 13:15,N/A,N/A,N/A,No
NonCerv-000139,non_cervical_biopsy,2026-05-03 13:24,N/A,N/A,N/A,No
NonCerv-000140,non_cervical_biopsy,2026-05-03 13:27,2026-05-17 13:25,2026-05-18 10:43,2026-05-18 11:03,Yes
NonCerv-000141,non_cervical_biopsy,2026-05-03 13:41,2026-05-18 12:50,2026-05-18 12:50,2026-05-18 13:22,Yes
NonCerv-000142,non_cervical_biopsy,2026-05-03 13:42,N/A,N/A,N/A,No
NonCerv-000143,non_cervical_biopsy,2026-05-03 13:42,N/A,N/A,N/A,No
NonCerv-000144,non_cervical_biopsy,2026-05-03 13:54,N/A,N/A,N/A,No
NonCerv-000145,non_cervical_biopsy,2026-05-03 13:55,N/A,N/A,N/A,No
NonCerv-000146,non_cervical_biopsy,2026-05-03 14:01,N/A,N/A,N/A,No
NonCerv-000147,non_cervical_biopsy,2026-05-03 14:06,2026-05-19 11:21,2026-05-19 11:21,2026-05-19 12:28,Yes
NonCerv-000148,non_cervical_biopsy,2026-05-03 14:16,N/A,N/A,N/A,No
NonCerv-000149,non_cervical_biopsy,2026-05-03 14:20,N/A,N/A,N/A,No
NonCerv-000150,non_cervical_biopsy,2026-05-03 14:27,N/A,N/A,N/A,No
NonCerv-000151,non_cervical_biopsy,2026-05-03 14:37,N/A,N/A,N/A,No
NonCerv-000152,non_cervical_biopsy,2026-05-03 14:38,N/A,N/A,N/A,No
NonCerv-000153,non_cervical_biopsy,2026-05-03 14:38,N/A,N/A,N/A,No
NonCerv-000154,non_cervical_biopsy,2026-05-03 15:05,N/A,N/A,N/A,No
NonCerv-000155,non_cervical_biopsy,2026-05-03 15:15,N/A,N/A,N/A,No
NonCerv-000156,non_cervical_biopsy,2026-05-03 15:23,N/A,N/A,N/A,No
NonCerv-000157,non_cervical_biopsy,2026-05-03 15:27,N/A,N/A,N/A,No
NonCerv-000158,non_cervical_biopsy,2026-05-03 15:50,2026-05-20 09:35,2026-05-20 10:10,2026-05-20 10:40,Yes
NonCerv-000159,non_cervical_biopsy,2026-05-03 15:50,2026-05-19 18:06,2026-05-20 10:00,2026-05-20 10:10,Yes
NonCerv-000160,non_cervical_biopsy,2026-05-03 16:01,N/A,N/A,N/A,No
NonCerv-000161,non_cervical_biopsy,2026-05-03 16:05,N/A,N/A,N/A,No
NonCerv-000162,non_cervical_biopsy,2026-05-03 16:05,2026-05-20 16:41,N/A,N/A,No
NonCerv-000163,non_cervical_biopsy,2026-05-03 16:08,N/A,N/A,N/A,No
NonCerv-000164,non_cervical_biopsy,2026-05-03 16:20,N/A,N/A,N/A,No
NonCerv-000165,non_cervical_biopsy,2026-05-03 16:33,N/A,N/A,N/A,No
NonCerv-000166,non_cervical_biopsy,2026-05-03 16:36,N/A,N/A,N/A,No
NonCerv-000167,non_cervical_biopsy,2026-05-03 16:49,N/A,N/A,N/A,No
NonCerv-000168,non_cervical_biopsy,2026-05-04 09:00,N/A,N/A,N/A,No
NonCerv-000169,non_cervical_biopsy,2026-05-04 09:00,N/A,N/A,N/A,No
NonCerv-000170,non_cervical_biopsy,2026-05-04 09:03,N/A,N/A,N/A,No
NonCerv-000171,non_cervical_biopsy,2026-05-04 09:32,N/A,N/A,N/A,No
NonCerv-000172,non_cervical_biopsy,2026-05-04 09:38,N/A,N/A,N/A,No
NonCerv-000173,non_cervical_biopsy,2026-05-04 09:42,N/A,N/A,N/A,No
NonCerv-000174,non_cervical_biopsy,2026-05-04 09:55,N/A,N/A,N/A,No
NonCerv-000175,non_cervical_biopsy,2026-05-04 10:10,N/A,N/A,N/A,No
NonCerv-000176,non_cervical_biopsy,2026-05-04 10:31,N/A,N/A,N/A,No
NonCerv-000177,non_cervical_biopsy,2026-05-04 10:33,N/A,N/A,N/A,No
NonCerv-000178,non_cervical_biopsy,2026-05-04 10:42,N/A,N/A,N/A,No
NonCerv-000179,non_cervical_biopsy,2026-05-04 10:53,N/A,N/A,N/A,No
NonCerv-000180,non_cervical_biopsy,2026-05-04 11:05,N/A,N/A,N/A,No
NonCerv-000181,non_cervical_biopsy,2026-05-04 11:06,N/A,N/A,N/A,No
NonCerv-000182,non_cervical_biopsy,2026-05-04 11:10,N/A,N/A,N/A,No
NonCerv-000183,non_cervical_biopsy,2026-05-04 11:27,N/A,N/A,N/A,No
NonCerv-000184,non_cervical_biopsy,2026-05-04 12:08,N/A,N/A,N/A,No
NonCerv-000185,non_cervical_biopsy,2026-05-04 12:12,N/A,N/A,N/A,No
NonCerv-000186,non_cervical_biopsy,2026-05-04 12:27,N/A,N/A,N/A,No
NonCerv-000187,non_cervical_biopsy,2026-05-04 12:33,N/A,N/A,N/A,No
NonCerv-000188,non_cervical_biopsy,2026-05-04 12:39,N/A,N/A,N/A,No
NonCerv-000189,non_cervical_biopsy,2026-05-04 12:40,N/A,N/A,N/A,No
NonCerv-000190,non_cervical_biopsy,2026-05-04 12:53,N/A,N/A,N/A,No
NonCerv-000191,non_cervical_biopsy,2026-05-04 12:58,N/A,N/A,N/A,No
NonCerv-000192,non_cervical_biopsy,2026-05-04 12:58,N/A,N/A,N/A,No
NonCerv-000193,non_cervical_biopsy,2026-05-04 12:58,N/A,N/A,N/A,No
NonCerv-000194,non_cervical_biopsy,2026-05-04 13:06,N/A,N/A,N/A,No
NonCerv-000195,non_cervical_biopsy,2026-05-04 13:06,N/A,N/A,N/A,No
NonCerv-000196,non_cervical_biopsy,2026-05-04 13:40,N/A,N/A,N/A,No
NonCerv-000197,non_cervical_biopsy,2026-05-04 13:46,N/A,N/A,N/A,No
NonCerv-000198,non_cervical_biopsy,2026-05-04 13:54,N/A,N/A,N/A,No
NonCerv-000199,non_cervical_biopsy,2026-05-04 13:55,N/A,N/A,N/A,No
NonCerv-000200,non_cervical_biopsy,2026-05-04 14:23,N/A,N/A,N/A,No
NonCerv-000201,non_cervical_biopsy,2026-05-04 14:29,N/A,N/A,N/A,No
NonCerv-000202,non_cervical_biopsy,2026-05-04 14:32,N/A,N/A,N/A,No
NonCerv-000203,non_cervical_biopsy,2026-05-04 14:38,N/A,N/A,N/A,No
NonCerv-000204,non_cervical_biopsy,2026-05-04 14:39,N/A,N/A,N/A,No
NonCerv-000205,non_cervical_biopsy,2026-05-04 15:20,N/A,N/A,N/A,No
NonCerv-000206,non_cervical_biopsy,2026-05-04 15:28,N/A,N/A,N/A,No
NonCerv-000207,non_cervical_biopsy,2026-05-04 15:44,N/A,N/A,N/A,No
NonCerv-000208,non_cervical_biopsy,2026-05-04 16:07,N/A,N/A,N/A,No
NonCerv-000209,non_cervical_biopsy,2026-05-04 16:19,N/A,N/A,N/A,No
NonCerv-000210,non_cervical_biopsy,2026-05-04 16:25,N/A,N/A,N/A,No
NonCerv-000211,non_cervical_biopsy,2026-05-04 16:44,N/A,N/A,N/A,No
NonCerv-000212,non_cervical_biopsy,2026-05-04 16:44,N/A,N/A,N/A,No
NonCerv-000213,non_cervical_biopsy,2026-05-05 09:00,N/A,N/A,N/A,No
NonCerv-000214,non_cervical_biopsy,2026-05-05 09:27,N/A,N/A,N/A,No
NonCerv-000215,non_cervical_biopsy,2026-05-05 09:33,N/A,N/A,N/A,No
NonCerv-000216,non_cervical_biopsy,2026-05-05 10:03,N/A,N/A,N/A,No
NonCerv-000217,non_cervical_biopsy,2026-05-05 10:13,N/A,N/A,N/A,No
NonCerv-000218,non_cervical_biopsy,2026-05-05 10:18,N/A,N/A,N/A,No
NonCerv-000219,non_cervical_biopsy,2026-05-05 10:28,N/A,N/A,N/A,No
NonCerv-000220,non_cervical_biopsy,2026-05-05 10:35,N/A,N/A,N/A,No
NonCerv-000221,non_cervical_biopsy,2026-05-05 10:43,N/A,N/A,N/A,No
NonCerv-000222,non_cervical_biopsy,2026-05-05 11:03,N/A,N/A,N/A,No
NonCerv-000223,non_cervical_biopsy,2026-05-05 11:04,N/A,N/A,N/A,No
NonCerv-000224,non_cervical_biopsy,2026-05-05 11:18,N/A,N/A,N/A,No
NonCerv-000225,non_cervical_biopsy,2026-05-05 11:30,N/A,N/A,N/A,No
NonCerv-000226,non_cervical_biopsy,2026-05-05 11:31,N/A,N/A,N/A,No
NonCerv-000227,non_cervical_biopsy,2026-05-05 11:35,N/A,N/A,N/A,No
NonCerv-000228,non_cervical_biopsy,2026-05-05 11:40,N/A,N/A,N/A,No
NonCerv-000229,non_cervical_biopsy,2026-05-05 12:03,N/A,N/A,N/A,No
NonCerv-000230,non_cervical_biopsy,2026-05-05 12:17,N/A,N/A,N/A,No
NonCerv-000231,non_cervical_biopsy,2026-05-05 12:36,N/A,N/A,N/A,No
NonCerv-000232,non_cervical_biopsy,2026-05-05 12:38,N/A,N/A,N/A,No
NonCerv-000233,non_cervical_biopsy,2026-05-05 12:44,N/A,N/A,N/A,No
NonCerv-000234,non_cervical_biopsy,2026-05-05 13:22,N/A,N/A,N/A,No
NonCerv-000235,non_cervical_biopsy,2026-05-05 13:25,N/A,N/A,N/A,No
NonCerv-000236,non_cervical_biopsy,2026-05-05 13:26,N/A,N/A,N/A,No
NonCerv-000237,non_cervical_biopsy,2026-05-05 13:27,N/A,N/A,N/A,No
NonCerv-000238,non_cervical_biopsy,2026-05-05 13:29,N/A,N/A,N/A,No
NonCerv-000239,non_cervical_biopsy,2026-05-05 13:51,N/A,N/A,N/A,No
NonCerv-000240,non_cervical_biopsy,2026-05-05 13:53,N/A,N/A,N/A,No
NonCerv-000241,non_cervical_biopsy,2026-05-05 13:53,N/A,N/A,N/A,No
NonCerv-000242,non_cervical_biopsy,2026-05-05 13:56,N/A,N/A,N/A,No
NonCerv-000243,non_cervical_biopsy,2026-05-05 13:57,N/A,N/A,N/A,No
NonCerv-000244,non_cervical_biopsy,2026-05-05 14:03,N/A,N/A,N/A,No
NonCerv-000245,non_cervical_biopsy,2026-05-05 14:08,N/A,N/A,N/A,No
NonCerv-000246,non_cervical_biopsy,2026-05-05 14:19,N/A,N/A,N/A,No
NonCerv-000247,non_cervical_biopsy,2026-05-05 14:34,N/A,N/A,N/A,No
NonCerv-000248,non_cervical_biopsy,2026-05-05 14:35,N/A,N/A,N/A,No
NonCerv-000249,non_cervical_biopsy,2026-05-05 14:59,N/A,N/A,N/A,No
NonCerv-000250,non_cervical_biopsy,2026-05-05 15:15,N/A,N/A,N/A,No
NonCerv-000251,non_cervical_biopsy,2026-05-05 15:17,N/A,N/A,N/A,No
NonCerv-000252,non_cervical_biopsy,2026-05-05 15:22,N/A,N/A,N/A,No
NonCerv-000253,non_cervical_biopsy,2026-05-05 15:26,N/A,N/A,N/A,No
NonCerv-000254,non_cervical_biopsy,2026-05-05 15:39,N/A,N/A,N/A,No
NonCerv-000255,non_cervical_biopsy,2026-05-05 15:42,N/A,N/A,N/A,No
NonCerv-000256,non_cervical_biopsy,2026-05-05 16:04,N/A,N/A,N/A,No
NonCerv-000257,non_cervical_biopsy,2026-05-05 16:11,N/A,N/A,N/A,No
NonCerv-000258,non_cervical_biopsy,2026-05-05 16:17,N/A,N/A,N/A,No
NonCerv-000259,non_cervical_biopsy,2026-05-05 16:19,N/A,N/A,N/A,No
NonCerv-000260,non_cervical_biopsy,2026-05-05 16:24,N/A,N/A,N/A,No
NonCerv-000261,non_cervical_biopsy,2026-05-05 16:26,N/A,N/A,N/A,No
NonCerv-000262,non_cervical_biopsy,2026-05-05 16:27,N/A,N/A,N/A,No
NonCerv-000263,non_cervical_biopsy,2026-05-05 16:36,N/A,N/A,N/A,No
NonCerv-000264,non_cervical_biopsy,2026-05-05 16:51,N/A,N/A,N/A,No
NonCerv-000265,non_cervical_biopsy,2026-05-05 16:52,N/A,N/A,N/A,No
NonCerv-000266,non_cervical_biopsy,2026-05-06 09:00,N/A,N/A,N/A,No
NonCerv-000267,non_cervical_biopsy,2026-05-06 09:04,N/A,N/A,N/A,No
NonCerv-000268,non_cervical_biopsy,2026-05-06 09:21,N/A,N/A,N/A,No
NonCerv-000269,non_cervical_biopsy,2026-05-06 09:22,N/A,N/A,N/A,No
NonCerv-000270,non_cervical_biopsy,2026-05-06 09:48,N/A,N/A,N/A,No
NonCerv-000271,non_cervical_biopsy,2026-05-06 09:56,N/A,N/A,N/A,No
NonCerv-000272,non_cervical_biopsy,2026-05-06 09:58,N/A,N/A,N/A,No
NonCerv-000273,non_cervical_biopsy,2026-05-06 10:01,N/A,N/A,N/A,No
NonCerv-000274,non_cervical_biopsy,2026-05-06 10:10,N/A,N/A,N/A,No
NonCerv-000275,non_cervical_biopsy,2026-05-06 10:18,N/A,N/A,N/A,No
NonCerv-000276,non_cervical_biopsy,2026-05-06 10:24,N/A,N/A,N/A,No
NonCerv-000277,non_cervical_biopsy,2026-05-06 10:25,N/A,N/A,N/A,No
NonCerv-000278,non_cervical_biopsy,2026-05-06 10:26,N/A,N/A,N/A,No
NonCerv-000279,non_cervical_biopsy,2026-05-06 11:10,N/A,N/A,N/A,No
NonCerv-000280,non_cervical_biopsy,2026-05-06 11:26,N/A,N/A,N/A,No
NonCerv-000281,non_cervical_biopsy,2026-05-06 11:40,N/A,N/A,N/A,No
NonCerv-000282,non_cervical_biopsy,2026-05-06 11:46,N/A,N/A,N/A,No
NonCerv-000283,non_cervical_biopsy,2026-05-06 11:50,N/A,N/A,N/A,No
NonCerv-000284,non_cervical_biopsy,2026-05-06 12:07,N/A,N/A,N/A,No
NonCerv-000285,non_cervical_biopsy,2026-05-06 12:09,N/A,N/A,N/A,No
NonCerv-000286,non_cervical_biopsy,2026-05-06 12:35,N/A,N/A,N/A,No
NonCerv-000287,non_cervical_biopsy,2026-05-06 12:53,N/A,N/A,N/A,No
NonCerv-000288,non_cervical_biopsy,2026-05-06 12:55,N/A,N/A,N/A,No
NonCerv-000289,non_cervical_biopsy,2026-05-06 12:57,N/A,N/A,N/A,No
NonCerv-000290,non_cervical_biopsy,2026-05-06 13:08,N/A,N/A,N/A,No
NonCerv-000291,non_cervical_biopsy,2026-05-06 13:12,N/A,N/A,N/A,No
NonCerv-000292,non_cervical_biopsy,2026-05-06 13:17,N/A,N/A,N/A,No
NonCerv-000293,non_cervical_biopsy,2026-05-06 13:22,N/A,N/A,N/A,No
NonCerv-000294,non_cervical_biopsy,2026-05-06 13:28,N/A,N/A,N/A,No
NonCerv-000295,non_cervical_biopsy,2026-05-06 13:50,N/A,N/A,N/A,No
NonCerv-000296,non_cervical_biopsy,2026-05-06 13:58,N/A,N/A,N/A,No
NonCerv-000297,non_cervical_biopsy,2026-05-06 14:07,N/A,N/A,N/A,No
NonCerv-000298,non_cervical_biopsy,2026-05-06 14:17,N/A,N/A,N/A,No
NonCerv-000299,non_cervical_biopsy,2026-05-06 14:18,N/A,N/A,N/A,No
NonCerv-000300,non_cervical_biopsy,2026-05-06 14:27,N/A,N/A,N/A,No
NonCerv-000301,non_cervical_biopsy,2026-05-06 14:29,N/A,N/A,N/A,No
NonCerv-000302,non_cervical_biopsy,2026-05-06 14:32,N/A,N/A,N/A,No
NonCerv-000303,non_cervical_biopsy,2026-05-06 14:32,N/A,N/A,N/A,No
NonCerv-000304,non_cervical_biopsy,2026-05-06 14:46,N/A,N/A,N/A,No
NonCerv-000305,non_cervical_biopsy,2026-05-06 14:50,N/A,N/A,N/A,No
NonCerv-000306,non_cervical_biopsy,2026-05-06 14:51,N/A,N/A,N/A,No
NonCerv-000307,non_cervical_biopsy,2026-05-06 14:52,N/A,N/A,N/A,No
NonCerv-000308,non_cervical_biopsy,2026-05-06 15:08,N/A,N/A,N/A,No
NonCerv-000309,non_cervical_biopsy,2026-05-06 15:10,N/A,N/A,N/A,No
NonCerv-000310,non_cervical_biopsy,2026-05-06 15:22,N/A,N/A,N/A,No
NonCerv-000311,non_cervical_biopsy,2026-05-06 15:34,N/A,N/A,N/A,No
NonCerv-000312,non_cervical_biopsy,2026-05-06 15:38,N/A,N/A,N/A,No
NonCerv-000313,non_cervical_biopsy,2026-05-06 16:01,N/A,N/A,N/A,No
NonCerv-000314,non_cervical_biopsy,2026-05-06 16:06,N/A,N/A,N/A,No
NonCerv-000315,non_cervical_biopsy,2026-05-06 16:34,N/A,N/A,N/A,No
NonCerv-000316,non_cervical_biopsy,2026-05-06 16:41,N/A,N/A,N/A,No
NonCerv-000317,non_cervical_biopsy,2026-05-06 16:41,N/A,N/A,N/A,No
NonCerv-000318,non_cervical_biopsy,2026-05-07 09:00,N/A,N/A,N/A,No
NonCerv-000319,non_cervical_biopsy,2026-05-07 09:24,N/A,N/A,N/A,No
NonCerv-000320,non_cervical_biopsy,2026-05-07 09:29,N/A,N/A,N/A,No
NonCerv-000321,non_cervical_biopsy,2026-05-07 09:33,N/A,N/A,N/A,No
NonCerv-000322,non_cervical_biopsy,2026-05-07 09:33,N/A,N/A,N/A,No
NonCerv-000323,non_cervical_biopsy,2026-05-07 09:38,N/A,N/A,N/A,No
NonCerv-000324,non_cervical_biopsy,2026-05-07 10:02,N/A,N/A,N/A,No
NonCerv-000325,non_cervical_biopsy,2026-05-07 10:06,N/A,N/A,N/A,No
NonCerv-000326,non_cervical_biopsy,2026-05-07 10:12,N/A,N/A,N/A,No
NonCerv-000327,non_cervical_biopsy,2026-05-07 10:18,N/A,N/A,N/A,No
NonCerv-000328,non_cervical_biopsy,2026-05-07 10:42,N/A,N/A,N/A,No
NonCerv-000329,non_cervical_biopsy,2026-05-07 10:52,N/A,N/A,N/A,No
NonCerv-000330,non_cervical_biopsy,2026-05-07 11:02,N/A,N/A,N/A,No
NonCerv-000331,non_cervical_biopsy,2026-05-07 11:33,N/A,N/A,N/A,No
NonCerv-000332,non_cervical_biopsy,2026-05-07 11:38,N/A,N/A,N/A,No
NonCerv-000333,non_cervical_biopsy,2026-05-07 11:45,N/A,N/A,N/A,No
NonCerv-000334,non_cervical_biopsy,2026-05-07 11:46,N/A,N/A,N/A,No
NonCerv-000335,non_cervical_biopsy,2026-05-07 11:48,N/A,N/A,N/A,No
NonCerv-000336,non_cervical_biopsy,2026-05-07 11:50,N/A,N/A,N/A,No
NonCerv-000337,non_cervical_biopsy,2026-05-07 11:50,N/A,N/A,N/A,No
NonCerv-000338,non_cervical_biopsy,2026-05-07 11:58,N/A,N/A,N/A,No
NonCerv-000339,non_cervical_biopsy,2026-05-07 12:13,N/A,N/A,N/A,No
NonCerv-000340,non_cervical_biopsy,2026-05-07 12:20,N/A,N/A,N/A,No
NonCerv-000341,non_cervical_biopsy,2026-05-07 12:28,N/A,N/A,N/A,No
NonCerv-000342,non_cervical_biopsy,2026-05-07 12:30,N/A,N/A,N/A,No
NonCerv-000343,non_cervical_biopsy,2026-05-07 12:58,N/A,N/A,N/A,No
NonCerv-000344,non_cervical_biopsy,2026-05-07 13:03,N/A,N/A,N/A,No
NonCerv-000345,non_cervical_biopsy,2026-05-07 13:04,N/A,N/A,N/A,No
NonCerv-000346,non_cervical_biopsy,2026-05-07 13:15,N/A,N/A,N/A,No
NonCerv-000347,non_cervical_biopsy,2026-05-07 13:17,N/A,N/A,N/A,No
NonCerv-000348,non_cervical_biopsy,2026-05-07 13:17,N/A,N/A,N/A,No
NonCerv-000349,non_cervical_biopsy,2026-05-07 13:33,N/A,N/A,N/A,No
NonCerv-000350,non_cervical_biopsy,2026-05-07 13:35,N/A,N/A,N/A,No
NonCerv-000351,non_cervical_biopsy,2026-05-07 13:38,N/A,N/A,N/A,No
NonCerv-000352,non_cervical_biopsy,2026-05-07 13:57,N/A,N/A,N/A,No
NonCerv-000353,non_cervical_biopsy,2026-05-07 14:02,N/A,N/A,N/A,No
NonCerv-000354,non_cervical_biopsy,2026-05-07 14:04,N/A,N/A,N/A,No
NonCerv-000355,non_cervical_biopsy,2026-05-07 14:26,N/A,N/A,N/A,No
NonCerv-000356,non_cervical_biopsy,2026-05-07 14:26,N/A,N/A,N/A,No
NonCerv-000357,non_cervical_biopsy,2026-05-07 14:28,N/A,N/A,N/A,No
NonCerv-000358,non_cervical_biopsy,2026-05-07 14:34,N/A,N/A,N/A,No
NonCerv-000359,non_cervical_biopsy,2026-05-07 14:50,N/A,N/A,N/A,No
NonCerv-000360,non_cervical_biopsy,2026-05-07 14:54,N/A,N/A,N/A,No
NonCerv-000361,non_cervical_biopsy,2026-05-07 15:00,N/A,N/A,N/A,No
NonCerv-000362,non_cervical_biopsy,2026-05-07 15:05,N/A,N/A,N/A,No
NonCerv-000363,non_cervical_biopsy,2026-05-07 15:34,N/A,N/A,N/A,No
NonCerv-000364,non_cervical_biopsy,2026-05-07 15:53,N/A,N/A,N/A,No
NonCerv-000365,non_cervical_biopsy,2026-05-07 16:08,N/A,N/A,N/A,No
NonCerv-000366,non_cervical_biopsy,2026-05-07 16:09,N/A,N/A,N/A,No
NonCerv-000367,non_cervical_biopsy,2026-05-07 16:16,N/A,N/A,N/A,No
NonCerv-000368,non_cervical_biopsy,2026-05-07 16:19,N/A,N/A,N/A,No
NonCerv-000369,non_cervical_biopsy,2026-05-07 16:36,N/A,N/A,N/A,No
NonCerv-000370,non_cervical_biopsy,2026-05-07 16:43,N/A,N/A,N/A,No
NonCerv-000371,non_cervical_biopsy,2026-05-07 16:47,N/A,N/A,N/A,No
NonCerv-000372,non_cervical_biopsy,2026-05-08 09:00,N/A,N/A,N/A,No
NonCerv-000373,non_cervical_biopsy,2026-05-08 09:00,N/A,N/A,N/A,No
NonCerv-000374,non_cervical_biopsy,2026-05-08 09:01,N/A,N/A,N/A,No
NonCerv-000375,non_cervical_biopsy,2026-05-08 09:03,N/A,N/A,N/A,No
NonCerv-000376,non_cervical_biopsy,2026-05-08 09:07,N/A,N/A,N/A,No
NonCerv-000377,non_cervical_biopsy,2026-05-08 09:10,N/A,N/A,N/A,No
NonCerv-000378,non_cervical_biopsy,2026-05-08 09:16,N/A,N/A,N/A,No
NonCerv-000379,non_cervical_biopsy,2026-05-08 09:43,N/A,N/A,N/A,No
NonCerv-000380,non_cervical_biopsy,2026-05-08 09:45,N/A,N/A,N/A,No
NonCerv-000381,non_cervical_biopsy,2026-05-08 09:48,N/A,N/A,N/A,No
NonCerv-000382,non_cervical_biopsy,2026-05-08 09:49,N/A,N/A,N/A,No
NonCerv-000383,non_cervical_biopsy,2026-05-08 09:57,N/A,N/A,N/A,No
NonCerv-000384,non_cervical_biopsy,2026-05-08 10:11,N/A,N/A,N/A,No
NonCerv-000385,non_cervical_biopsy,2026-05-08 10:12,N/A,N/A,N/A,No
NonCerv-000386,non_cervical_biopsy,2026-05-08 10:19,N/A,N/A,N/A,No
NonCerv-000387,non_cervical_biopsy,2026-05-08 10:24,N/A,N/A,N/A,No
NonCerv-000388,non_cervical_biopsy,2026-05-08 10:40,N/A,N/A,N/A,No
NonCerv-000389,non_cervical_biopsy,2026-05-08 10:43,N/A,N/A,N/A,No
NonCerv-000390,non_cervical_biopsy,2026-05-08 10:47,N/A,N/A,N/A,No
NonCerv-000391,non_cervical_biopsy,2026-05-08 11:11,N/A,N/A,N/A,No
NonCerv-000392,non_cervical_biopsy,2026-05-08 11:40,N/A,N/A,N/A,No
NonCerv-000393,non_cervical_biopsy,2026-05-08 12:00,N/A,N/A,N/A,No
NonCerv-000394,non_cervical_biopsy,2026-05-08 12:11,N/A,N/A,N/A,No
NonCerv-000395,non_cervical_biopsy,2026-05-08 12:14,N/A,N/A,N/A,No
NonCerv-000396,non_cervical_biopsy,2026-05-08 12:16,N/A,N/A,N/A,No
NonCerv-000397,non_cervical_biopsy,2026-05-08 12:44,N/A,N/A,N/A,No
NonCerv-000398,non_cervical_biopsy,2026-05-08 12:46,N/A,N/A,N/A,No
NonCerv-000399,non_cervical_biopsy,2026-05-08 13:09,N/A,N/A,N/A,No
NonCerv-000400,non_cervical_biopsy,2026-05-08 13:13,N/A,N/A,N/A,No
NonCerv-000401,non_cervical_biopsy,2026-05-08 13:47,N/A,N/A,N/A,No
NonCerv-000402,non_cervical_biopsy,2026-05-08 13:53,N/A,N/A,N/A,No
NonCerv-000403,non_cervical_biopsy,2026-05-08 14:11,N/A,N/A,N/A,No
NonCerv-000404,non_cervical_biopsy,2026-05-08 14:28,N/A,N/A,N/A,No
NonCerv-000405,non_cervical_biopsy,2026-05-08 14:30,N/A,N/A,N/A,No
NonCerv-000406,non_cervical_biopsy,2026-05-08 14:31,N/A,N/A,N/A,No
NonCerv-000407,non_cervical_biopsy,2026-05-08 14:35,N/A,N/A,N/A,No
NonCerv-000408,non_cervical_biopsy,2026-05-08 14:36,N/A,N/A,N/A,No
NonCerv-000409,non_cervical_biopsy,2026-05-08 14:43,N/A,N/A,N/A,No
NonCerv-000410,non_cervical_biopsy,2026-05-08 14:47,N/A,N/A,N/A,No
NonCerv-000411,non_cervical_biopsy,2026-05-08 15:08,N/A,N/A,N/A,No
NonCerv-000412,non_cervical_biopsy,2026-05-08 15:27,N/A,N/A,N/A,No
NonCerv-000413,non_cervical_biopsy,2026-05-08 15:34,N/A,N/A,N/A,No
NonCerv-000414,non_cervical_biopsy,2026-05-08 15:50,N/A,N/A,N/A,No
NonCerv-000415,non_cervical_biopsy,2026-05-08 15:54,N/A,N/A,N/A,No
NonCerv-000416,non_cervical_biopsy,2026-05-08 15:59,N/A,N/A,N/A,No
NonCerv-000417,non_cervical_biopsy,2026-05-08 16:08,N/A,N/A,N/A,No
NonCerv-000418,non_cervical_biopsy,2026-05-08 16:48,N/A,N/A,N/A,No
NonCerv-000419,non_cervical_biopsy,2026-05-08 16:53,N/A,N/A,N/A,No
NonCerv-000420,non_cervical_biopsy,2026-05-08 16:56,N/A,N/A,N/A,No
NonCerv-000421,non_cervical_biopsy,2026-05-09 09:00,N/A,N/A,N/A,No
NonCerv-000422,non_cervical_biopsy,2026-05-09 09:02,N/A,N/A,N/A,No
NonCerv-000423,non_cervical_biopsy,2026-05-09 09:09,N/A,N/A,N/A,No
NonCerv-000424,non_cervical_biopsy,2026-05-09 09:11,N/A,N/A,N/A,No
NonCerv-000425,non_cervical_biopsy,2026-05-09 09:13,N/A,N/A,N/A,No
NonCerv-000426,non_cervical_biopsy,2026-05-09 09:17,N/A,N/A,N/A,No
NonCerv-000427,non_cervical_biopsy,2026-05-09 09:50,N/A,N/A,N/A,No
NonCerv-000428,non_cervical_biopsy,2026-05-09 10:16,N/A,N/A,N/A,No
NonCerv-000429,non_cervical_biopsy,2026-05-09 10:17,N/A,N/A,N/A,No
NonCerv-000430,non_cervical_biopsy,2026-05-09 10:20,N/A,N/A,N/A,No
NonCerv-000431,non_cervical_biopsy,2026-05-09 10:27,N/A,N/A,N/A,No
NonCerv-000432,non_cervical_biopsy,2026-05-09 10:35,N/A,N/A,N/A,No
NonCerv-000433,non_cervical_biopsy,2026-05-09 10:38,N/A,N/A,N/A,No
NonCerv-000434,non_cervical_biopsy,2026-05-09 10:59,N/A,N/A,N/A,No
NonCerv-000435,non_cervical_biopsy,2026-05-09 11:18,N/A,N/A,N/A,No
NonCerv-000436,non_cervical_biopsy,2026-05-09 11:29,N/A,N/A,N/A,No
NonCerv-000437,non_cervical_biopsy,2026-05-09 11:29,N/A,N/A,N/A,No
NonCerv-000438,non_cervical_biopsy,2026-05-09 11:34,N/A,N/A,N/A,No
NonCerv-000439,non_cervical_biopsy,2026-05-09 11:46,N/A,N/A,N/A,No
NonCerv-000440,non_cervical_biopsy,2026-05-09 11:47,N/A,N/A,N/A,No
NonCerv-000441,non_cervical_biopsy,2026-05-09 11:58,N/A,N/A,N/A,No
NonCerv-000442,non_cervical_biopsy,2026-05-09 12:16,N/A,N/A,N/A,No
NonCerv-000443,non_cervical_biopsy,2026-05-09 12:25,N/A,N/A,N/A,No
NonCerv-000444,non_cervical_biopsy,2026-05-09 12:29,N/A,N/A,N/A,No
NonCerv-000445,non_cervical_biopsy,2026-05-09 12:37,N/A,N/A,N/A,No
NonCerv-000446,non_cervical_biopsy,2026-05-09 12:57,N/A,N/A,N/A,No
NonCerv-000447,non_cervical_biopsy,2026-05-09 13:16,N/A,N/A,N/A,No
NonCerv-000448,non_cervical_biopsy,2026-05-09 13:27,N/A,N/A,N/A,No
NonCerv-000449,non_cervical_biopsy,2026-05-09 13:39,N/A,N/A,N/A,No
NonCerv-000450,non_cervical_biopsy,2026-05-09 13:48,N/A,N/A,N/A,No
NonCerv-000451,non_cervical_biopsy,2026-05-09 13:50,N/A,N/A,N/A,No
NonCerv-000452,non_cervical_biopsy,2026-05-09 14:10,N/A,N/A,N/A,No
NonCerv-000453,non_cervical_biopsy,2026-05-09 14:11,N/A,N/A,N/A,No
NonCerv-000454,non_cervical_biopsy,2026-05-09 14:24,N/A,N/A,N/A,No
NonCerv-000455,non_cervical_biopsy,2026-05-09 14:40,N/A,N/A,N/A,No
NonCerv-000456,non_cervical_biopsy,2026-05-09 14:47,N/A,N/A,N/A,No
NonCerv-000457,non_cervical_biopsy,2026-05-09 14:50,N/A,N/A,N/A,No
NonCerv-000458,non_cervical_biopsy,2026-05-09 15:28,N/A,N/A,N/A,No
NonCerv-000459,non_cervical_biopsy,2026-05-09 15:31,N/A,N/A,N/A,No
NonCerv-000460,non_cervical_biopsy,2026-05-09 15:46,N/A,N/A,N/A,No
NonCerv-000461,non_cervical_biopsy,2026-05-09 16:00,N/A,N/A,N/A,No
NonCerv-000462,non_cervical_biopsy,2026-05-09 16:31,N/A,N/A,N/A,No
NonCerv-000463,non_cervical_biopsy,2026-05-09 16:57,N/A,N/A,N/A,No
NonCerv-000464,non_cervical_biopsy,2026-05-10 09:00,N/A,N/A,N/A,No
NonCerv-000465,non_cervical_biopsy,2026-05-10 09:05,N/A,N/A,N/A,No
NonCerv-000466,non_cervical_biopsy,2026-05-10 09:11,N/A,N/A,N/A,No
NonCerv-000467,non_cervical_biopsy,2026-05-10 09:12,N/A,N/A,N/A,No
NonCerv-000468,non_cervical_biopsy,2026-05-10 09:24,N/A,N/A,N/A,No
NonCerv-000469,non_cervical_biopsy,2026-05-10 09:24,N/A,N/A,N/A,No
NonCerv-000470,non_cervical_biopsy,2026-05-10 09:35,N/A,N/A,N/A,No
NonCerv-000471,non_cervical_biopsy,2026-05-10 10:04,N/A,N/A,N/A,No
NonCerv-000472,non_cervical_biopsy,2026-05-10 10:08,N/A,N/A,N/A,No
NonCerv-000473,non_cervical_biopsy,2026-05-10 10:48,N/A,N/A,N/A,No
NonCerv-000474,non_cervical_biopsy,2026-05-10 10:48,N/A,N/A,N/A,No
NonCerv-000475,non_cervical_biopsy,2026-05-10 10:53,N/A,N/A,N/A,No
NonCerv-000476,non_cervical_biopsy,2026-05-10 10:59,N/A,N/A,N/A,No
NonCerv-000477,non_cervical_biopsy,2026-05-10 11:01,N/A,N/A,N/A,No
NonCerv-000478,non_cervical_biopsy,2026-05-10 11:15,N/A,N/A,N/A,No
NonCerv-000479,non_cervical_biopsy,2026-05-10 11:33,N/A,N/A,N/A,No
NonCerv-000480,non_cervical_biopsy,2026-05-10 11:35,N/A,N/A,N/A,No
NonCerv-000481,non_cervical_biopsy,2026-05-10 11:59,N/A,N/A,N/A,No
NonCerv-000482,non_cervical_biopsy,2026-05-10 12:14,N/A,N/A,N/A,No
NonCerv-000483,non_cervical_biopsy,2026-05-10 12:15,N/A,N/A,N/A,No
NonCerv-000484,non_cervical_biopsy,2026-05-10 12:26,N/A,N/A,N/A,No
NonCerv-000485,non_cervical_biopsy,2026-05-10 12:33,N/A,N/A,N/A,No
NonCerv-000486,non_cervical_biopsy,2026-05-10 12:41,N/A,N/A,N/A,No
NonCerv-000487,non_cervical_biopsy,2026-05-10 12:57,N/A,N/A,N/A,No
NonCerv-000488,non_cervical_biopsy,2026-05-10 12:57,N/A,N/A,N/A,No
NonCerv-000489,non_cervical_biopsy,2026-05-10 13:02,N/A,N/A,N/A,No
NonCerv-000490,non_cervical_biopsy,2026-05-10 13:10,N/A,N/A,N/A,No
NonCerv-000491,non_cervical_biopsy,2026-05-10 13:22,N/A,N/A,N/A,No
NonCerv-000492,non_cervical_biopsy,2026-05-10 13:36,N/A,N/A,N/A,No
NonCerv-000493,non_cervical_biopsy,2026-05-10 13:43,N/A,N/A,N/A,No
NonCerv-000494,non_cervical_biopsy,2026-05-10 14:24,N/A,N/A,N/A,No
NonCerv-000495,non_cervical_biopsy,2026-05-10 14:33,N/A,N/A,N/A,No
NonCerv-000496,non_cervical_biopsy,2026-05-10 14:41,N/A,N/A,N/A,No
NonCerv-000497,non_cervical_biopsy,2026-05-10 14:45,N/A,N/A,N/A,No
NonCerv-000498,non_cervical_biopsy,2026-05-10 14:46,N/A,N/A,N/A,No
NonCerv-000499,non_cervical_biopsy,2026-05-10 14:46,N/A,N/A,N/A,No
NonCerv-000500,non_cervical_biopsy,2026-05-10 14:51,N/A,N/A,N/A,No
NonCerv-000501,non_cervical_biopsy,2026-05-10 14:59,N/A,N/A,N/A,No
NonCerv-000502,non_cervical_biopsy,2026-05-10 15:15,N/A,N/A,N/A,No
NonCerv-000503,non_cervical_biopsy,2026-05-10 15:16,N/A,N/A,N/A,No
NonCerv-000504,non_cervical_biopsy,2026-05-10 15:27,N/A,N/A,N/A,No
NonCerv-000505,non_cervical_biopsy,2026-05-10 15:54,N/A,N/A,N/A,No
NonCerv-000506,non_cervical_biopsy,2026-05-10 16:06,N/A,N/A,N/A,No
NonCerv-000507,non_cervical_biopsy,2026-05-10 16:18,N/A,N/A,N/A,No
NonCerv-000508,non_cervical_biopsy,2026-05-10 16:22,N/A,N/A,N/A,No
NonCerv-000509,non_cervical_biopsy,2026-05-10 16:22,N/A,N/A,N/A,No
NonCerv-000510,non_cervical_biopsy,2026-05-10 16:30,N/A,N/A,N/A,No
NonCerv-000511,non_cervical_biopsy,2026-05-10 16:36,N/A,N/A,N/A,No
NonCerv-000512,non_cervical_biopsy,2026-05-10 16:48,N/A,N/A,N/A,No
NonCerv-000513,non_cervical_biopsy,2026-05-10 16:49,N/A,N/A,N/A,No
NonCerv-000514,non_cervical_biopsy,2026-05-10 16:51,N/A,N/A,N/A,No
NonCerv-000515,non_cervical_biopsy,2026-05-10 16:53,N/A,N/A,N/A,No
NonCerv-000516,non_cervical_biopsy,2026-05-10 16:57,N/A,N/A,N/A,No
NonCerv-000517,non_cervical_biopsy,2026-05-11 09:00,N/A,N/A,N/A,No
NonCerv-000518,non_cervical_biopsy,2026-05-11 09:04,N/A,N/A,N/A,No
NonCerv-000519,non_cervical_biopsy,2026-05-11 09:04,N/A,N/A,N/A,No
NonCerv-000520,non_cervical_biopsy,2026-05-11 09:12,N/A,N/A,N/A,No
NonCerv-000521,non_cervical_biopsy,2026-05-11 09:19,N/A,N/A,N/A,No
NonCerv-000522,non_cervical_biopsy,2026-05-11 09:41,N/A,N/A,N/A,No
NonCerv-000523,non_cervical_biopsy,2026-05-11 09:44,N/A,N/A,N/A,No
NonCerv-000524,non_cervical_biopsy,2026-05-11 10:07,N/A,N/A,N/A,No
NonCerv-000525,non_cervical_biopsy,2026-05-11 10:09,N/A,N/A,N/A,No
NonCerv-000526,non_cervical_biopsy,2026-05-11 10:32,N/A,N/A,N/A,No
NonCerv-000527,non_cervical_biopsy,2026-05-11 11:06,N/A,N/A,N/A,No
NonCerv-000528,non_cervical_biopsy,2026-05-11 11:09,N/A,N/A,N/A,No
NonCerv-000529,non_cervical_biopsy,2026-05-11 11:14,N/A,N/A,N/A,No
NonCerv-000530,non_cervical_biopsy,2026-05-11 11:18,N/A,N/A,N/A,No
NonCerv-000531,non_cervical_biopsy,2026-05-11 11:20,N/A,N/A,N/A,No
NonCerv-000532,non_cervical_biopsy,2026-05-11 11:54,N/A,N/A,N/A,No
NonCerv-000533,non_cervical_biopsy,2026-05-11 11:57,N/A,N/A,N/A,No
NonCerv-000534,non_cervical_biopsy,2026-05-11 11:59,N/A,N/A,N/A,No
NonCerv-000535,non_cervical_biopsy,2026-05-11 12:05,N/A,N/A,N/A,No
NonCerv-000536,non_cervical_biopsy,2026-05-11 12:05,N/A,N/A,N/A,No
NonCerv-000537,non_cervical_biopsy,2026-05-11 12:12,N/A,N/A,N/A,No
NonCerv-000538,non_cervical_biopsy,2026-05-11 12:29,N/A,N/A,N/A,No
NonCerv-000539,non_cervical_biopsy,2026-05-11 12:41,N/A,N/A,N/A,No
NonCerv-000540,non_cervical_biopsy,2026-05-11 12:43,N/A,N/A,N/A,No
NonCerv-000541,non_cervical_biopsy,2026-05-11 12:56,N/A,N/A,N/A,No
NonCerv-000542,non_cervical_biopsy,2026-05-11 13:13,N/A,N/A,N/A,No
NonCerv-000543,non_cervical_biopsy,2026-05-11 13:33,N/A,N/A,N/A,No
NonCerv-000544,non_cervical_biopsy,2026-05-11 13:59,N/A,N/A,N/A,No
NonCerv-000545,non_cervical_biopsy,2026-05-11 14:26,N/A,N/A,N/A,No
NonCerv-000546,non_cervical_biopsy,2026-05-11 14:26,N/A,N/A,N/A,No
NonCerv-000547,non_cervical_biopsy,2026-05-11 15:07,N/A,N/A,N/A,No
NonCerv-000548,non_cervical_biopsy,2026-05-11 15:14,N/A,N/A,N/A,No
NonCerv-000549,non_cervical_biopsy,2026-05-11 15:25,N/A,N/A,N/A,No
NonCerv-000550,non_cervical_biopsy,2026-05-11 15:25,N/A,N/A,N/A,No
NonCerv-000551,non_cervical_biopsy,2026-05-11 15:37,N/A,N/A,N/A,No
NonCerv-000552,non_cervical_biopsy,2026-05-11 15:48,N/A,N/A,N/A,No
NonCerv-000553,non_cervical_biopsy,2026-05-11 15:49,N/A,N/A,N/A,No
NonCerv-000554,non_cervical_biopsy,2026-05-11 15:54,N/A,N/A,N/A,No
NonCerv-000555,non_cervical_biopsy,2026-05-11 15:56,N/A,N/A,N/A,No
NonCerv-000556,non_cervical_biopsy,2026-05-11 16:14,N/A,N/A,N/A,No
NonCerv-000557,non_cervical_biopsy,2026-05-11 16:20,N/A,N/A,N/A,No
NonCerv-000558,non_cervical_biopsy,2026-05-11 16:40,N/A,N/A,N/A,No
NonCerv-000559,non_cervical_biopsy,2026-05-11 16:40,N/A,N/A,N/A,No
NonCerv-000560,non_cervical_biopsy,2026-05-11 16:51,N/A,N/A,N/A,No
NonCerv-000561,non_cervical_biopsy,2026-05-11 16:53,N/A,N/A,N/A,No
NonCerv-000562,non_cervical_biopsy,2026-05-11 16:58,N/A,N/A,N/A,No
NonCerv-000563,non_cervical_biopsy,2026-05-11 16:59,N/A,N/A,N/A,No
NonCerv-000564,non_cervical_biopsy,2026-05-12 09:00,N/A,N/A,N/A,No
NonCerv-000565,non_cervical_biopsy,2026-05-12 09:01,N/A,N/A,N/A,No
NonCerv-000566,non_cervical_biopsy,2026-05-12 09:04,N/A,N/A,N/A,No
NonCerv-000567,non_cervical_biopsy,2026-05-12 09:09,N/A,N/A,N/A,No
NonCerv-000568,non_cervical_biopsy,2026-05-12 09:14,N/A,N/A,N/A,No
NonCerv-000569,non_cervical_biopsy,2026-05-12 09:17,N/A,N/A,N/A,No
NonCerv-000570,non_cervical_biopsy,2026-05-12 09:19,N/A,N/A,N/A,No
NonCerv-000571,non_cervical_biopsy,2026-05-12 09:28,N/A,N/A,N/A,No
NonCerv-000572,non_cervical_biopsy,2026-05-12 09:37,N/A,N/A,N/A,No
NonCerv-000573,non_cervical_biopsy,2026-05-12 09:42,N/A,N/A,N/A,No
NonCerv-000574,non_cervical_biopsy,2026-05-12 09:49,N/A,N/A,N/A,No
NonCerv-000575,non_cervical_biopsy,2026-05-12 09:53,N/A,N/A,N/A,No
NonCerv-000576,non_cervical_biopsy,2026-05-12 09:58,N/A,N/A,N/A,No
NonCerv-000577,non_cervical_biopsy,2026-05-12 10:07,N/A,N/A,N/A,No
NonCerv-000578,non_cervical_biopsy,2026-05-12 10:23,N/A,N/A,N/A,No
NonCerv-000579,non_cervical_biopsy,2026-05-12 10:53,N/A,N/A,N/A,No
NonCerv-000580,non_cervical_biopsy,2026-05-12 10:55,N/A,N/A,N/A,No
NonCerv-000581,non_cervical_biopsy,2026-05-12 11:17,N/A,N/A,N/A,No
NonCerv-000582,non_cervical_biopsy,2026-05-12 11:42,N/A,N/A,N/A,No
NonCerv-000583,non_cervical_biopsy,2026-05-12 12:08,N/A,N/A,N/A,No
NonCerv-000584,non_cervical_biopsy,2026-05-12 12:14,N/A,N/A,N/A,No
NonCerv-000585,non_cervical_biopsy,2026-05-12 12:18,N/A,N/A,N/A,No
NonCerv-000586,non_cervical_biopsy,2026-05-12 12:25,N/A,N/A,N/A,No
NonCerv-000587,non_cervical_biopsy,2026-05-12 12:37,N/A,N/A,N/A,No
NonCerv-000588,non_cervical_biopsy,2026-05-12 12:42,N/A,N/A,N/A,No
NonCerv-000589,non_cervical_biopsy,2026-05-12 12:44,N/A,N/A,N/A,No
NonCerv-000590,non_cervical_biopsy,2026-05-12 12:46,N/A,N/A,N/A,No
NonCerv-000591,non_cervical_biopsy,2026-05-12 12:58,N/A,N/A,N/A,No
NonCerv-000592,non_cervical_biopsy,2026-05-12 13:30,N/A,N/A,N/A,No
NonCerv-000593,non_cervical_biopsy,2026-05-12 13:30,N/A,N/A,N/A,No
NonCerv-000594,non_cervical_biopsy,2026-05-12 13:59,N/A,N/A,N/A,No
NonCerv-000595,non_cervical_biopsy,2026-05-12 14:16,N/A,N/A,N/A,No
NonCerv-000596,non_cervical_biopsy,2026-05-12 14:18,N/A,N/A,N/A,No
NonCerv-000597,non_cervical_biopsy,2026-05-12 14:27,N/A,N/A,N/A,No
NonCerv-000598,non_cervical_biopsy,2026-05-12 14:49,N/A,N/A,N/A,No
NonCerv-000599,non_cervical_biopsy,2026-05-12 14:52,N/A,N/A,N/A,No
NonCerv-000600,non_cervical_biopsy,2026-05-12 14:55,N/A,N/A,N/A,No
NonCerv-000601,non_cervical_biopsy,2026-05-12 15:00,N/A,N/A,N/A,No
NonCerv-000602,non_cervical_biopsy,2026-05-12 15:01,N/A,N/A,N/A,No
NonCerv-000603,non_cervical_biopsy,2026-05-12 15:07,N/A,N/A,N/A,No
NonCerv-000604,non_cervical_biopsy,2026-05-12 15:09,N/A,N/A,N/A,No
NonCerv-000605,non_cervical_biopsy,2026-05-12 15:28,N/A,N/A,N/A,No
NonCerv-000606,non_cervical_biopsy,2026-05-12 15:29,N/A,N/A,N/A,No
NonCerv-000607,non_cervical_biopsy,2026-05-12 15:39,N/A,N/A,N/A,No
NonCerv-000608,non_cervical_biopsy,2026-05-12 15:46,N/A,N/A,N/A,No
NonCerv-000609,non_cervical_biopsy,2026-05-12 15:51,N/A,N/A,N/A,No
NonCerv-000610,non_cervical_biopsy,2026-05-12 15:57,N/A,N/A,N/A,No
NonCerv-000611,non_cervical_biopsy,2026-05-12 16:09,N/A,N/A,N/A,No
NonCerv-000612,non_cervical_biopsy,2026-05-12 16:14,N/A,N/A,N/A,No
NonCerv-000613,non_cervical_biopsy,2026-05-12 16:26,N/A,N/A,N/A,No
NonCerv-000614,non_cervical_biopsy,2026-05-12 16:27,N/A,N/A,N/A,No
NonCerv-000615,non_cervical_biopsy,2026-05-12 16:35,N/A,N/A,N/A,No
NonCerv-000616,non_cervical_biopsy,2026-05-12 16:36,N/A,N/A,N/A,No
NonCerv-000617,non_cervical_biopsy,2026-05-12 16:57,N/A,N/A,N/A,No
NonCerv-000618,non_cervical_biopsy,2026-05-13 09:00,N/A,N/A,N/A,No
NonCerv-000619,non_cervical_biopsy,2026-05-13 09:07,N/A,N/A,N/A,No
NonCerv-000620,non_cervical_biopsy,2026-05-13 09:19,N/A,N/A,N/A,No
NonCerv-000621,non_cervical_biopsy,2026-05-13 09:26,N/A,N/A,N/A,No
NonCerv-000622,non_cervical_biopsy,2026-05-13 09:32,N/A,N/A,N/A,No
NonCerv-000623,non_cervical_biopsy,2026-05-13 09:47,N/A,N/A,N/A,No
NonCerv-000624,non_cervical_biopsy,2026-05-13 09:52,N/A,N/A,N/A,No
NonCerv-000625,non_cervical_biopsy,2026-05-13 10:39,N/A,N/A,N/A,No
NonCerv-000626,non_cervical_biopsy,2026-05-13 10:57,N/A,N/A,N/A,No
NonCerv-000627,non_cervical_biopsy,2026-05-13 11:06,N/A,N/A,N/A,No
NonCerv-000628,non_cervical_biopsy,2026-05-13 11:19,N/A,N/A,N/A,No
NonCerv-000629,non_cervical_biopsy,2026-05-13 11:34,N/A,N/A,N/A,No
NonCerv-000630,non_cervical_biopsy,2026-05-13 11:34,N/A,N/A,N/A,No
NonCerv-000631,non_cervical_biopsy,2026-05-13 11:37,N/A,N/A,N/A,No
NonCerv-000632,non_cervical_biopsy,2026-05-13 11:38,N/A,N/A,N/A,No
NonCerv-000633,non_cervical_biopsy,2026-05-13 11:46,N/A,N/A,N/A,No
NonCerv-000634,non_cervical_biopsy,2026-05-13 11:51,N/A,N/A,N/A,No
NonCerv-000635,non_cervical_biopsy,2026-05-13 12:00,N/A,N/A,N/A,No
NonCerv-000636,non_cervical_biopsy,2026-05-13 12:24,N/A,N/A,N/A,No
NonCerv-000637,non_cervical_biopsy,2026-05-13 12:26,N/A,N/A,N/A,No
NonCerv-000638,non_cervical_biopsy,2026-05-13 12:27,N/A,N/A,N/A,No
NonCerv-000639,non_cervical_biopsy,2026-05-13 12:32,N/A,N/A,N/A,No
NonCerv-000640,non_cervical_biopsy,2026-05-13 12:51,N/A,N/A,N/A,No
NonCerv-000641,non_cervical_biopsy,2026-05-13 12:52,N/A,N/A,N/A,No
NonCerv-000642,non_cervical_biopsy,2026-05-13 12:54,N/A,N/A,N/A,No
NonCerv-000643,non_cervical_biopsy,2026-05-13 12:58,N/A,N/A,N/A,No
NonCerv-000644,non_cervical_biopsy,2026-05-13 12:59,N/A,N/A,N/A,No
NonCerv-000645,non_cervical_biopsy,2026-05-13 13:24,N/A,N/A,N/A,No
NonCerv-000646,non_cervical_biopsy,2026-05-13 13:33,N/A,N/A,N/A,No
NonCerv-000647,non_cervical_biopsy,2026-05-13 13:38,N/A,N/A,N/A,No
NonCerv-000648,non_cervical_biopsy,2026-05-13 13:42,N/A,N/A,N/A,No
NonCerv-000649,non_cervical_biopsy,2026-05-13 13:42,N/A,N/A,N/A,No
NonCerv-000650,non_cervical_biopsy,2026-05-13 14:14,N/A,N/A,N/A,No
NonCerv-000651,non_cervical_biopsy,2026-05-13 14:20,N/A,N/A,N/A,No
NonCerv-000652,non_cervical_biopsy,2026-05-13 14:26,N/A,N/A,N/A,No
NonCerv-000653,non_cervical_biopsy,2026-05-13 14:27,N/A,N/A,N/A,No
NonCerv-000654,non_cervical_biopsy,2026-05-13 14:30,N/A,N/A,N/A,No
NonCerv-000655,non_cervical_biopsy,2026-05-13 14:40,N/A,N/A,N/A,No
NonCerv-000656,non_cervical_biopsy,2026-05-13 14:40,N/A,N/A,N/A,No
NonCerv-000657,non_cervical_biopsy,2026-05-13 14:46,N/A,N/A,N/A,No
NonCerv-000658,non_cervical_biopsy,2026-05-13 15:37,N/A,N/A,N/A,No
NonCerv-000659,non_cervical_biopsy,2026-05-13 16:16,N/A,N/A,N/A,No
NonCerv-000660,non_cervical_biopsy,2026-05-13 16:18,N/A,N/A,N/A,No
NonCerv-000661,non_cervical_biopsy,2026-05-13 16:21,N/A,N/A,N/A,No
NonCerv-000662,non_cervical_biopsy,2026-05-13 16:33,N/A,N/A,N/A,No
NonCerv-000663,non_cervical_biopsy,2026-05-13 16:40,N/A,N/A,N/A,No
NonCerv-000664,non_cervical_biopsy,2026-05-13 16:56,N/A,N/A,N/A,No
NonCerv-000665,non_cervical_biopsy,2026-05-14 09:00,N/A,N/A,N/A,No
NonCerv-000666,non_cervical_biopsy,2026-05-14 09:15,N/A,N/A,N/A,No
NonCerv-000667,non_cervical_biopsy,2026-05-14 09:16,N/A,N/A,N/A,No
NonCerv-000668,non_cervical_biopsy,2026-05-14 09:22,N/A,N/A,N/A,No
NonCerv-000669,non_cervical_biopsy,2026-05-14 09:28,N/A,N/A,N/A,No
NonCerv-000670,non_cervical_biopsy,2026-05-14 09:32,N/A,N/A,N/A,No
NonCerv-000671,non_cervical_biopsy,2026-05-14 09:38,N/A,N/A,N/A,No
NonCerv-000672,non_cervical_biopsy,2026-05-14 09:44,N/A,N/A,N/A,No
NonCerv-000673,non_cervical_biopsy,2026-05-14 10:06,N/A,N/A,N/A,No
NonCerv-000674,non_cervical_biopsy,2026-05-14 10:20,N/A,N/A,N/A,No
NonCerv-000675,non_cervical_biopsy,2026-05-14 10:32,N/A,N/A,N/A,No
NonCerv-000676,non_cervical_biopsy,2026-05-14 10:49,N/A,N/A,N/A,No
NonCerv-000677,non_cervical_biopsy,2026-05-14 11:12,N/A,N/A,N/A,No
NonCerv-000678,non_cervical_biopsy,2026-05-14 11:22,N/A,N/A,N/A,No
NonCerv-000679,non_cervical_biopsy,2026-05-14 11:32,N/A,N/A,N/A,No
NonCerv-000680,non_cervical_biopsy,2026-05-14 11:32,N/A,N/A,N/A,No
NonCerv-000681,non_cervical_biopsy,2026-05-14 11:34,N/A,N/A,N/A,No
NonCerv-000682,non_cervical_biopsy,2026-05-14 11:41,N/A,N/A,N/A,No
NonCerv-000683,non_cervical_biopsy,2026-05-14 11:41,N/A,N/A,N/A,No
NonCerv-000684,non_cervical_biopsy,2026-05-14 11:53,N/A,N/A,N/A,No
NonCerv-000685,non_cervical_biopsy,2026-05-14 11:54,N/A,N/A,N/A,No
NonCerv-000686,non_cervical_biopsy,2026-05-14 12:24,N/A,N/A,N/A,No
NonCerv-000687,non_cervical_biopsy,2026-05-14 12:28,N/A,N/A,N/A,No
NonCerv-000688,non_cervical_biopsy,2026-05-14 12:39,N/A,N/A,N/A,No
NonCerv-000689,non_cervical_biopsy,2026-05-14 12:40,N/A,N/A,N/A,No
NonCerv-000690,non_cervical_biopsy,2026-05-14 12:51,N/A,N/A,N/A,No
NonCerv-000691,non_cervical_biopsy,2026-05-14 13:24,N/A,N/A,N/A,No
NonCerv-000692,non_cervical_biopsy,2026-05-14 13:33,N/A,N/A,N/A,No
NonCerv-000693,non_cervical_biopsy,2026-05-14 13:34,N/A,N/A,N/A,No
NonCerv-000694,non_cervical_biopsy,2026-05-14 13:49,N/A,N/A,N/A,No
NonCerv-000695,non_cervical_biopsy,2026-05-14 13:56,N/A,N/A,N/A,No
NonCerv-000696,non_cervical_biopsy,2026-05-14 14:29,N/A,N/A,N/A,No
NonCerv-000697,non_cervical_biopsy,2026-05-14 14:33,N/A,N/A,N/A,No
NonCerv-000698,non_cervical_biopsy,2026-05-14 14:41,N/A,N/A,N/A,No
NonCerv-000699,non_cervical_biopsy,2026-05-14 14:57,N/A,N/A,N/A,No
NonCerv-000700,non_cervical_biopsy,2026-05-14 14:59,N/A,N/A,N/A,No
NonCerv-000701,non_cervical_biopsy,2026-05-14 15:24,N/A,N/A,N/A,No
NonCerv-000702,non_cervical_biopsy,2026-05-14 15:28,N/A,N/A,N/A,No
NonCerv-000703,non_cervical_biopsy,2026-05-14 15:34,N/A,N/A,N/A,No
NonCerv-000704,non_cervical_biopsy,2026-05-14 16:02,N/A,N/A,N/A,No
NonCerv-000705,non_cervical_biopsy,2026-05-14 16:04,N/A,N/A,N/A,No
NonCerv-000706,non_cervical_biopsy,2026-05-14 16:14,N/A,N/A,N/A,No
NonCerv-000707,non_cervical_biopsy,2026-05-14 16:30,N/A,N/A,N/A,No
NonCerv-000708,non_cervical_biopsy,2026-05-14 16:54,N/A,N/A,N/A,No
NonCerv-000709,non_cervical_biopsy,2026-05-15 09:00,N/A,N/A,N/A,No
NonCerv-000710,non_cervical_biopsy,2026-05-15 09:07,N/A,N/A,N/A,No
NonCerv-000711,non_cervical_biopsy,2026-05-15 09:10,N/A,N/A,N/A,No
NonCerv-000712,non_cervical_biopsy,2026-05-15 09:22,N/A,N/A,N/A,No
NonCerv-000713,non_cervical_biopsy,2026-05-15 09:31,N/A,N/A,N/A,No
NonCerv-000714,non_cervical_biopsy,2026-05-15 09:33,N/A,N/A,N/A,No
NonCerv-000715,non_cervical_biopsy,2026-05-15 09:33,N/A,N/A,N/A,No
NonCerv-000716,non_cervical_biopsy,2026-05-15 09:46,N/A,N/A,N/A,No
NonCerv-000717,non_cervical_biopsy,2026-05-15 09:47,N/A,N/A,N/A,No
NonCerv-000718,non_cervical_biopsy,2026-05-15 10:02,N/A,N/A,N/A,No
NonCerv-000719,non_cervical_biopsy,2026-05-15 10:15,N/A,N/A,N/A,No
NonCerv-000720,non_cervical_biopsy,2026-05-15 10:17,N/A,N/A,N/A,No
NonCerv-000721,non_cervical_biopsy,2026-05-15 10:31,N/A,N/A,N/A,No
NonCerv-000722,non_cervical_biopsy,2026-05-15 10:31,N/A,N/A,N/A,No
NonCerv-000723,non_cervical_biopsy,2026-05-15 10:32,N/A,N/A,N/A,No
NonCerv-000724,non_cervical_biopsy,2026-05-15 10:34,N/A,N/A,N/A,No
NonCerv-000725,non_cervical_biopsy,2026-05-15 10:38,N/A,N/A,N/A,No
NonCerv-000726,non_cervical_biopsy,2026-05-15 10:40,N/A,N/A,N/A,No
NonCerv-000727,non_cervical_biopsy,2026-05-15 11:00,N/A,N/A,N/A,No
NonCerv-000728,non_cervical_biopsy,2026-05-15 11:06,N/A,N/A,N/A,No
NonCerv-000729,non_cervical_biopsy,2026-05-15 11:27,N/A,N/A,N/A,No
NonCerv-000730,non_cervical_biopsy,2026-05-15 11:31,N/A,N/A,N/A,No
NonCerv-000731,non_cervical_biopsy,2026-05-15 11:43,N/A,N/A,N/A,No
NonCerv-000732,non_cervical_biopsy,2026-05-15 11:47,N/A,N/A,N/A,No
NonCerv-000733,non_cervical_biopsy,2026-05-15 11:48,N/A,N/A,N/A,No
NonCerv-000734,non_cervical_biopsy,2026-05-15 11:54,N/A,N/A,N/A,No
NonCerv-000735,non_cervical_biopsy,2026-05-15 11:55,N/A,N/A,N/A,No
NonCerv-000736,non_cervical_biopsy,2026-05-15 12:03,N/A,N/A,N/A,No
NonCerv-000737,non_cervical_biopsy,2026-05-15 12:12,N/A,N/A,N/A,No
NonCerv-000738,non_cervical_biopsy,2026-05-15 12:27,N/A,N/A,N/A,No
NonCerv-000739,non_cervical_biopsy,2026-05-15 12:28,N/A,N/A,N/A,No
NonCerv-000740,non_cervical_biopsy,2026-05-15 12:32,N/A,N/A,N/A,No
NonCerv-000741,non_cervical_biopsy,2026-05-15 12:44,N/A,N/A,N/A,No
NonCerv-000742,non_cervical_biopsy,2026-05-15 12:51,N/A,N/A,N/A,No
NonCerv-000743,non_cervical_biopsy,2026-05-15 12:56,N/A,N/A,N/A,No
NonCerv-000744,non_cervical_biopsy,2026-05-15 12:59,N/A,N/A,N/A,No
NonCerv-000745,non_cervical_biopsy,2026-05-15 13:11,N/A,N/A,N/A,No
NonCerv-000746,non_cervical_biopsy,2026-05-15 13:21,N/A,N/A,N/A,No
NonCerv-000747,non_cervical_biopsy,2026-05-15 13:31,N/A,N/A,N/A,No
NonCerv-000748,non_cervical_biopsy,2026-05-15 13:49,N/A,N/A,N/A,No
NonCerv-000749,non_cervical_biopsy,2026-05-15 13:57,N/A,N/A,N/A,No
NonCerv-000750,non_cervical_biopsy,2026-05-15 13:59,N/A,N/A,N/A,No
NonCerv-000751,non_cervical_biopsy,2026-05-15 14:03,N/A,N/A,N/A,No
NonCerv-000752,non_cervical_biopsy,2026-05-15 14:03,N/A,N/A,N/A,No
NonCerv-000753,non_cervical_biopsy,2026-05-15 14:06,N/A,N/A,N/A,No
NonCerv-000754,non_cervical_biopsy,2026-05-15 14:09,N/A,N/A,N/A,No
NonCerv-000755,non_cervical_biopsy,2026-05-15 14:12,N/A,N/A,N/A,No
NonCerv-000756,non_cervical_biopsy,2026-05-15 14:32,N/A,N/A,N/A,No
NonCerv-000757,non_cervical_biopsy,2026-05-15 14:34,N/A,N/A,N/A,No
NonCerv-000758,non_cervical_biopsy,2026-05-15 14:40,N/A,N/A,N/A,No
NonCerv-000759,non_cervical_biopsy,2026-05-15 14:41,N/A,N/A,N/A,No
NonCerv-000760,non_cervical_biopsy,2026-05-15 14:54,N/A,N/A,N/A,No
NonCerv-000761,non_cervical_biopsy,2026-05-15 15:06,N/A,N/A,N/A,No
NonCerv-000762,non_cervical_biopsy,2026-05-15 15:08,N/A,N/A,N/A,No
NonCerv-000763,non_cervical_biopsy,2026-05-15 15:09,N/A,N/A,N/A,No
NonCerv-000764,non_cervical_biopsy,2026-05-15 15:20,N/A,N/A,N/A,No
NonCerv-000765,non_cervical_biopsy,2026-05-15 15:20,N/A,N/A,N/A,No
NonCerv-000766,non_cervical_biopsy,2026-05-15 15:23,N/A,N/A,N/A,No
NonCerv-000767,non_cervical_biopsy,2026-05-15 15:26,N/A,N/A,N/A,No
NonCerv-000768,non_cervical_biopsy,2026-05-15 15:29,N/A,N/A,N/A,No
NonCerv-000769,non_cervical_biopsy,2026-05-15 15:43,N/A,N/A,N/A,No
NonCerv-000770,non_cervical_biopsy,2026-05-15 15:43,N/A,N/A,N/A,No
NonCerv-000771,non_cervical_biopsy,2026-05-15 15:44,N/A,N/A,N/A,No
NonCerv-000772,non_cervical_biopsy,2026-05-15 16:06,N/A,N/A,N/A,No
NonCerv-000773,non_cervical_biopsy,2026-05-15 16:14,N/A,N/A,N/A,No
NonCerv-000774,non_cervical_biopsy,2026-05-15 16:18,N/A,N/A,N/A,No
NonCerv-000775,non_cervical_biopsy,2026-05-15 16:18,N/A,N/A,N/A,No
NonCerv-000776,non_cervical_biopsy,2026-05-15 16:50,N/A,N/A,N/A,No
NonCerv-000777,non_cervical_biopsy,2026-05-16 09:00,N/A,N/A,N/A,No
NonCerv-000778,non_cervical_biopsy,2026-05-16 09:18,N/A,N/A,N/A,No
NonCerv-000779,non_cervical_biopsy,2026-05-16 09:30,N/A,N/A,N/A,No
NonCerv-000780,non_cervical_biopsy,2026-05-16 09:31,N/A,N/A,N/A,No
NonCerv-000781,non_cervical_biopsy,2026-05-16 09:37,N/A,N/A,N/A,No
NonCerv-000782,non_cervical_biopsy,2026-05-16 10:05,N/A,N/A,N/A,No
NonCerv-000783,non_cervical_biopsy,2026-05-16 10:15,N/A,N/A,N/A,No
NonCerv-000784,non_cervical_biopsy,2026-05-16 10:16,N/A,N/A,N/A,No
NonCerv-000785,non_cervical_biopsy,2026-05-16 10:32,N/A,N/A,N/A,No
NonCerv-000786,non_cervical_biopsy,2026-05-16 10:32,N/A,N/A,N/A,No
NonCerv-000787,non_cervical_biopsy,2026-05-16 10:35,N/A,N/A,N/A,No
NonCerv-000788,non_cervical_biopsy,2026-05-16 10:36,N/A,N/A,N/A,No
NonCerv-000789,non_cervical_biopsy,2026-05-16 10:50,N/A,N/A,N/A,No
NonCerv-000790,non_cervical_biopsy,2026-05-16 10:52,N/A,N/A,N/A,No
NonCerv-000791,non_cervical_biopsy,2026-05-16 11:12,N/A,N/A,N/A,No
NonCerv-000792,non_cervical_biopsy,2026-05-16 11:18,N/A,N/A,N/A,No
NonCerv-000793,non_cervical_biopsy,2026-05-16 11:32,N/A,N/A,N/A,No
NonCerv-000794,non_cervical_biopsy,2026-05-16 11:38,N/A,N/A,N/A,No
NonCerv-000795,non_cervical_biopsy,2026-05-16 11:46,N/A,N/A,N/A,No
NonCerv-000796,non_cervical_biopsy,2026-05-16 11:56,N/A,N/A,N/A,No
NonCerv-000797,non_cervical_biopsy,2026-05-16 12:01,N/A,N/A,N/A,No
NonCerv-000798,non_cervical_biopsy,2026-05-16 12:33,N/A,N/A,N/A,No
NonCerv-000799,non_cervical_biopsy,2026-05-16 12:48,N/A,N/A,N/A,No
NonCerv-000800,non_cervical_biopsy,2026-05-16 12:57,N/A,N/A,N/A,No
NonCerv-000801,non_cervical_biopsy,2026-05-16 13:05,N/A,N/A,N/A,No
NonCerv-000802,non_cervical_biopsy,2026-05-16 13:20,N/A,N/A,N/A,No
NonCerv-000803,non_cervical_biopsy,2026-05-16 13:38,N/A,N/A,N/A,No
NonCerv-000804,non_cervical_biopsy,2026-05-16 14:18,N/A,N/A,N/A,No
NonCerv-000805,non_cervical_biopsy,2026-05-16 14:20,N/A,N/A,N/A,No
NonCerv-000806,non_cervical_biopsy,2026-05-16 14:30,N/A,N/A,N/A,No
NonCerv-000807,non_cervical_biopsy,2026-05-16 14:36,N/A,N/A,N/A,No
NonCerv-000808,non_cervical_biopsy,2026-05-16 14:36,N/A,N/A,N/A,No
NonCerv-000809,non_cervical_biopsy,2026-05-16 14:52,N/A,N/A,N/A,No
NonCerv-000810,non_cervical_biopsy,2026-05-16 14:57,N/A,N/A,N/A,No
NonCerv-000811,non_cervical_biopsy,2026-05-16 14:59,N/A,N/A,N/A,No
NonCerv-000812,non_cervical_biopsy,2026-05-16 15:04,N/A,N/A,N/A,No
NonCerv-000813,non_cervical_biopsy,2026-05-16 15:05,N/A,N/A,N/A,No
NonCerv-000814,non_cervical_biopsy,2026-05-16 15:12,N/A,N/A,N/A,No
NonCerv-000815,non_cervical_biopsy,2026-05-16 15:33,N/A,N/A,N/A,No
NonCerv-000816,non_cervical_biopsy,2026-05-16 15:46,N/A,N/A,N/A,No
NonCerv-000817,non_cervical_biopsy,2026-05-16 16:04,N/A,N/A,N/A,No
NonCerv-000818,non_cervical_biopsy,2026-05-16 16:12,N/A,N/A,N/A,No
NonCerv-000819,non_cervical_biopsy,2026-05-16 16:15,N/A,N/A,N/A,No
NonCerv-000820,non_cervical_biopsy,2026-05-16 16:32,N/A,N/A,N/A,No
NonCerv-000821,non_cervical_biopsy,2026-05-16 16:38,N/A,N/A,N/A,No
NonCerv-000822,non_cervical_biopsy,2026-05-16 16:42,N/A,N/A,N/A,No
NonCerv-000823,non_cervical_biopsy,2026-05-16 16:54,N/A,N/A,N/A,No
NonCerv-000824,non_cervical_biopsy,2026-05-16 16:55,N/A,N/A,N/A,No
NonCerv-000825,non_cervical_biopsy,2026-05-16 16:57,N/A,N/A,N/A,No
NonCerv-000826,non_cervical_biopsy,2026-05-17 09:00,N/A,N/A,N/A,No
NonCerv-000827,non_cervical_biopsy,2026-05-17 09:11,N/A,N/A,N/A,No
NonCerv-000828,non_cervical_biopsy,2026-05-17 09:11,N/A,N/A,N/A,No
NonCerv-000829,non_cervical_biopsy,2026-05-17 09:21,N/A,N/A,N/A,No
NonCerv-000830,non_cervical_biopsy,2026-05-17 09:41,N/A,N/A,N/A,No
NonCerv-000831,non_cervical_biopsy,2026-05-17 09:52,N/A,N/A,N/A,No
NonCerv-000832,non_cervical_biopsy,2026-05-17 10:14,N/A,N/A,N/A,No
NonCerv-000833,non_cervical_biopsy,2026-05-17 10:22,N/A,N/A,N/A,No
NonCerv-000834,non_cervical_biopsy,2026-05-17 10:28,N/A,N/A,N/A,No
NonCerv-000835,non_cervical_biopsy,2026-05-17 10:47,N/A,N/A,N/A,No
NonCerv-000836,non_cervical_biopsy,2026-05-17 10:52,N/A,N/A,N/A,No
NonCerv-000837,non_cervical_biopsy,2026-05-17 10:53,N/A,N/A,N/A,No
NonCerv-000838,non_cervical_biopsy,2026-05-17 10:53,N/A,N/A,N/A,No
NonCerv-000839,non_cervical_biopsy,2026-05-17 10:56,N/A,N/A,N/A,No
NonCerv-000840,non_cervical_biopsy,2026-05-17 11:00,N/A,N/A,N/A,No
NonCerv-000841,non_cervical_biopsy,2026-05-17 11:13,N/A,N/A,N/A,No
NonCerv-000842,non_cervical_biopsy,2026-05-17 11:13,N/A,N/A,N/A,No
NonCerv-000843,non_cervical_biopsy,2026-05-17 11:26,N/A,N/A,N/A,No
NonCerv-000844,non_cervical_biopsy,2026-05-17 11:43,N/A,N/A,N/A,No
NonCerv-000845,non_cervical_biopsy,2026-05-17 12:03,N/A,N/A,N/A,No
NonCerv-000846,non_cervical_biopsy,2026-05-17 12:14,N/A,N/A,N/A,No
NonCerv-000847,non_cervical_biopsy,2026-05-17 12:15,N/A,N/A,N/A,No
NonCerv-000848,non_cervical_biopsy,2026-05-17 12:15,N/A,N/A,N/A,No
NonCerv-000849,non_cervical_biopsy,2026-05-17 12:19,N/A,N/A,N/A,No
NonCerv-000850,non_cervical_biopsy,2026-05-17 12:22,N/A,N/A,N/A,No
NonCerv-000851,non_cervical_biopsy,2026-05-17 12:35,N/A,N/A,N/A,No
NonCerv-000852,non_cervical_biopsy,2026-05-17 12:54,N/A,N/A,N/A,No
NonCerv-000853,non_cervical_biopsy,2026-05-17 13:02,N/A,N/A,N/A,No
NonCerv-000854,non_cervical_biopsy,2026-05-17 13:04,N/A,N/A,N/A,No
NonCerv-000855,non_cervical_biopsy,2026-05-17 13:07,N/A,N/A,N/A,No
NonCerv-000856,non_cervical_biopsy,2026-05-17 13:07,N/A,N/A,N/A,No
NonCerv-000857,non_cervical_biopsy,2026-05-17 13:59,N/A,N/A,N/A,No
NonCerv-000858,non_cervical_biopsy,2026-05-17 14:00,N/A,N/A,N/A,No
NonCerv-000859,non_cervical_biopsy,2026-05-17 14:08,N/A,N/A,N/A,No
NonCerv-000860,non_cervical_biopsy,2026-05-17 14:09,N/A,N/A,N/A,No
NonCerv-000861,non_cervical_biopsy,2026-05-17 14:20,N/A,N/A,N/A,No
NonCerv-000862,non_cervical_biopsy,2026-05-17 14:40,N/A,N/A,N/A,No
NonCerv-000863,non_cervical_biopsy,2026-05-17 14:47,N/A,N/A,N/A,No
NonCerv-000864,non_cervical_biopsy,2026-05-17 14:51,N/A,N/A,N/A,No
NonCerv-000865,non_cervical_biopsy,2026-05-17 15:05,N/A,N/A,N/A,No
NonCerv-000866,non_cervical_biopsy,2026-05-17 15:11,N/A,N/A,N/A,No
NonCerv-000867,non_cervical_biopsy,2026-05-17 15:20,N/A,N/A,N/A,No
NonCerv-000868,non_cervical_biopsy,2026-05-17 15:32,N/A,N/A,N/A,No
NonCerv-000869,non_cervical_biopsy,2026-05-17 15:39,N/A,N/A,N/A,No
NonCerv-000870,non_cervical_biopsy,2026-05-17 15:43,N/A,N/A,N/A,No
NonCerv-000871,non_cervical_biopsy,2026-05-17 15:54,N/A,N/A,N/A,No
NonCerv-000872,non_cervical_biopsy,2026-05-17 16:02,N/A,N/A,N/A,No
NonCerv-000873,non_cervical_biopsy,2026-05-17 16:09,N/A,N/A,N/A,No
NonCerv-000874,non_cervical_biopsy,2026-05-17 16:10,N/A,N/A,N/A,No
NonCerv-000875,non_cervical_biopsy,2026-05-17 16:14,N/A,N/A,N/A,No
NonCerv-000876,non_cervical_biopsy,2026-05-17 16:15,N/A,N/A,N/A,No
NonCerv-000877,non_cervical_biopsy,2026-05-17 16:18,N/A,N/A,N/A,No
NonCerv-000878,non_cervical_biopsy,2026-05-17 16:22,N/A,N/A,N/A,No
NonCerv-000879,non_cervical_biopsy,2026-05-17 16:24,N/A,N/A,N/A,No
NonCerv-000880,non_cervical_biopsy,2026-05-17 16:27,N/A,N/A,N/A,No
NonCerv-000881,non_cervical_biopsy,2026-05-17 16:27,N/A,N/A,N/A,No
NonCerv-000882,non_cervical_biopsy,2026-05-17 16:29,N/A,N/A,N/A,No
NonCerv-000883,non_cervical_biopsy,2026-05-17 16:30,N/A,N/A,N/A,No
NonCerv-000884,non_cervical_biopsy,2026-05-17 16:46,N/A,N/A,N/A,No
NonCerv-000885,non_cervical_biopsy,2026-05-17 16:53,N/A,N/A,N/A,No
NonCerv-000886,non_cervical_biopsy,2026-05-18 09:00,N/A,N/A,N/A,No
NonCerv-000887,non_cervical_biopsy,2026-05-18 09:16,N/A,N/A,N/A,No
NonCerv-000888,non_cervical_biopsy,2026-05-18 09:17,N/A,N/A,N/A,No
NonCerv-000889,non_cervical_biopsy,2026-05-18 09:17,N/A,N/A,N/A,No
NonCerv-000890,non_cervical_biopsy,2026-05-18 09:28,N/A,N/A,N/A,No
NonCerv-000891,non_cervical_biopsy,2026-05-18 09:33,N/A,N/A,N/A,No
NonCerv-000892,non_cervical_biopsy,2026-05-18 09:37,N/A,N/A,N/A,No
NonCerv-000893,non_cervical_biopsy,2026-05-18 09:43,N/A,N/A,N/A,No
NonCerv-000894,non_cervical_biopsy,2026-05-18 09:43,N/A,N/A,N/A,No
NonCerv-000895,non_cervical_biopsy,2026-05-18 09:48,N/A,N/A,N/A,No
NonCerv-000896,non_cervical_biopsy,2026-05-18 09:58,N/A,N/A,N/A,No
NonCerv-000897,non_cervical_biopsy,2026-05-18 10:03,N/A,N/A,N/A,No
NonCerv-000898,non_cervical_biopsy,2026-05-18 10:12,N/A,N/A,N/A,No
NonCerv-000899,non_cervical_biopsy,2026-05-18 10:13,N/A,N/A,N/A,No
NonCerv-000900,non_cervical_biopsy,2026-05-18 10:14,N/A,N/A,N/A,No
NonCerv-000901,non_cervical_biopsy,2026-05-18 10:15,N/A,N/A,N/A,No
NonCerv-000902,non_cervical_biopsy,2026-05-18 10:20,N/A,N/A,N/A,No
NonCerv-000903,non_cervical_biopsy,2026-05-18 10:27,N/A,N/A,N/A,No
NonCerv-000904,non_cervical_biopsy,2026-05-18 10:28,N/A,N/A,N/A,No
NonCerv-000905,non_cervical_biopsy,2026-05-18 10:32,N/A,N/A,N/A,No
NonCerv-000906,non_cervical_biopsy,2026-05-18 10:42,N/A,N/A,N/A,No
NonCerv-000907,non_cervical_biopsy,2026-05-18 10:47,N/A,N/A,N/A,No
NonCerv-000908,non_cervical_biopsy,2026-05-18 10:51,N/A,N/A,N/A,No
NonCerv-000909,non_cervical_biopsy,2026-05-18 10:57,N/A,N/A,N/A,No
NonCerv-000910,non_cervical_biopsy,2026-05-18 11:13,N/A,N/A,N/A,No
NonCerv-000911,non_cervical_biopsy,2026-05-18 11:37,N/A,N/A,N/A,No
NonCerv-000912,non_cervical_biopsy,2026-05-18 11:41,N/A,N/A,N/A,No
NonCerv-000913,non_cervical_biopsy,2026-05-18 11:45,N/A,N/A,N/A,No
NonCerv-000914,non_cervical_biopsy,2026-05-18 11:57,N/A,N/A,N/A,No
NonCerv-000915,non_cervical_biopsy,2026-05-18 11:59,N/A,N/A,N/A,No
NonCerv-000916,non_cervical_biopsy,2026-05-18 12:03,N/A,N/A,N/A,No
NonCerv-000917,non_cervical_biopsy,2026-05-18 12:03,N/A,N/A,N/A,No
NonCerv-000918,non_cervical_biopsy,2026-05-18 12:13,N/A,N/A,N/A,No
NonCerv-000919,non_cervical_biopsy,2026-05-18 12:13,N/A,N/A,N/A,No
NonCerv-000920,non_cervical_biopsy,2026-05-18 12:17,N/A,N/A,N/A,No
NonCerv-000921,non_cervical_biopsy,2026-05-18 12:21,N/A,N/A,N/A,No
NonCerv-000922,non_cervical_biopsy,2026-05-18 13:04,N/A,N/A,N/A,No
NonCerv-000923,non_cervical_biopsy,2026-05-18 13:04,N/A,N/A,N/A,No
NonCerv-000924,non_cervical_biopsy,2026-05-18 13:36,N/A,N/A,N/A,No
NonCerv-000925,non_cervical_biopsy,2026-05-18 13:50,N/A,N/A,N/A,No
NonCerv-000926,non_cervical_biopsy,2026-05-18 14:12,N/A,N/A,N/A,No
NonCerv-000927,non_cervical_biopsy,2026-05-18 14:42,N/A,N/A,N/A,No
NonCerv-000928,non_cervical_biopsy,2026-05-18 14:51,N/A,N/A,N/A,No
NonCerv-000929,non_cervical_biopsy,2026-05-18 15:30,N/A,N/A,N/A,No
NonCerv-000930,non_cervical_biopsy,2026-05-18 15:35,N/A,N/A,N/A,No
NonCerv-000931,non_cervical_biopsy,2026-05-18 15:42,N/A,N/A,N/A,No
NonCerv-000932,non_cervical_biopsy,2026-05-18 15:50,N/A,N/A,N/A,No
NonCerv-000933,non_cervical_biopsy,2026-05-18 16:07,N/A,N/A,N/A,No
NonCerv-000934,non_cervical_biopsy,2026-05-18 16:11,N/A,N/A,N/A,No
NonCerv-000935,non_cervical_biopsy,2026-05-18 16:13,N/A,N/A,N/A,No
NonCerv-000936,non_cervical_biopsy,2026-05-18 16:17,N/A,N/A,N/A,No
NonCerv-000937,non_cervical_biopsy,2026-05-18 16:50,N/A,N/A,N/A,No
NonCerv-000938,non_cervical_biopsy,2026-05-18 16:54,N/A,N/A,N/A,No
NonCerv-000939,non_cervical_biopsy,2026-05-18 16:55,N/A,N/A,N/A,No
NonCerv-000940,non_cervical_biopsy,2026-05-19 09:00,N/A,N/A,N/A,No
NonCerv-000941,non_cervical_biopsy,2026-05-19 09:01,N/A,N/A,N/A,No
NonCerv-000942,non_cervical_biopsy,2026-05-19 09:16,N/A,N/A,N/A,No
NonCerv-000943,non_cervical_biopsy,2026-05-19 09:36,N/A,N/A,N/A,No
NonCerv-000944,non_cervical_biopsy,2026-05-19 09:42,N/A,N/A,N/A,No
NonCerv-000945,non_cervical_biopsy,2026-05-19 09:48,N/A,N/A,N/A,No
NonCerv-000946,non_cervical_biopsy,2026-05-19 09:57,N/A,N/A,N/A,No
NonCerv-000947,non_cervical_biopsy,2026-05-19 09:59,N/A,N/A,N/A,No
NonCerv-000948,non_cervical_biopsy,2026-05-19 10:04,N/A,N/A,N/A,No
NonCerv-000949,non_cervical_biopsy,2026-05-19 10:10,N/A,N/A,N/A,No
NonCerv-000950,non_cervical_biopsy,2026-05-19 10:30,N/A,N/A,N/A,No
NonCerv-000951,non_cervical_biopsy,2026-05-19 10:46,N/A,N/A,N/A,No
NonCerv-000952,non_cervical_biopsy,2026-05-19 10:55,N/A,N/A,N/A,No
NonCerv-000953,non_cervical_biopsy,2026-05-19 10:57,N/A,N/A,N/A,No
NonCerv-000954,non_cervical_biopsy,2026-05-19 11:15,N/A,N/A,N/A,No
NonCerv-000955,non_cervical_biopsy,2026-05-19 11:37,N/A,N/A,N/A,No
NonCerv-000956,non_cervical_biopsy,2026-05-19 11:44,N/A,N/A,N/A,No
NonCerv-000957,non_cervical_biopsy,2026-05-19 12:09,N/A,N/A,N/A,No
NonCerv-000958,non_cervical_biopsy,2026-05-19 12:20,N/A,N/A,N/A,No
NonCerv-000959,non_cervical_biopsy,2026-05-19 12:31,N/A,N/A,N/A,No
NonCerv-000960,non_cervical_biopsy,2026-05-19 12:47,N/A,N/A,N/A,No
NonCerv-000961,non_cervical_biopsy,2026-05-19 13:17,N/A,N/A,N/A,No
NonCerv-000962,non_cervical_biopsy,2026-05-19 13:28,N/A,N/A,N/A,No
NonCerv-000963,non_cervical_biopsy,2026-05-19 13:31,N/A,N/A,N/A,No
NonCerv-000964,non_cervical_biopsy,2026-05-19 13:44,N/A,N/A,N/A,No
NonCerv-000965,non_cervical_biopsy,2026-05-19 13:57,N/A,N/A,N/A,No
NonCerv-000966,non_cervical_biopsy,2026-05-19 14:11,N/A,N/A,N/A,No
NonCerv-000967,non_cervical_biopsy,2026-05-19 14:21,N/A,N/A,N/A,No
NonCerv-000968,non_cervical_biopsy,2026-05-19 14:39,N/A,N/A,N/A,No
NonCerv-000969,non_cervical_biopsy,2026-05-19 14:40,N/A,N/A,N/A,No
NonCerv-000970,non_cervical_biopsy,2026-05-19 14:41,N/A,N/A,N/A,No
NonCerv-000971,non_cervical_biopsy,2026-05-19 14:46,N/A,N/A,N/A,No
NonCerv-000972,non_cervical_biopsy,2026-05-19 14:50,N/A,N/A,N/A,No
NonCerv-000973,non_cervical_biopsy,2026-05-19 15:18,N/A,N/A,N/A,No
NonCerv-000974,non_cervical_biopsy,2026-05-19 15:48,N/A,N/A,N/A,No
NonCerv-000975,non_cervical_biopsy,2026-05-19 15:51,N/A,N/A,N/A,No
NonCerv-000976,non_cervical_biopsy,2026-05-19 15:58,N/A,N/A,N/A,No
NonCerv-000977,non_cervical_biopsy,2026-05-19 16:10,N/A,N/A,N/A,No
NonCerv-000978,non_cervical_biopsy,2026-05-19 16:10,N/A,N/A,N/A,No
NonCerv-000979,non_cervical_biopsy,2026-05-19 16:14,N/A,N/A,N/A,No
NonCerv-000980,non_cervical_biopsy,2026-05-19 16:29,N/A,N/A,N/A,No
NonCerv-000981,non_cervical_biopsy,2026-05-19 16:34,N/A,N/A,N/A,No
NonCerv-000982,non_cervical_biopsy,2026-05-19 16:38,N/A,N/A,N/A,No
NonCerv-000983,non_cervical_biopsy,2026-05-19 16:41,N/A,N/A,N/A,No
NonCerv-000984,non_cervical_biopsy,2026-05-20 09:00,N/A,N/A,N/A,No
NonCerv-000985,non_cervical_biopsy,2026-05-20 09:06,N/A,N/A,N/A,No
NonCerv-000986,non_cervical_biopsy,2026-05-20 09:16,N/A,N/A,N/A,No
NonCerv-000987,non_cervical_biopsy,2026-05-20 09:29,N/A,N/A,N/A,No
NonCerv-000988,non_cervical_biopsy,2026-05-20 09:29,N/A,N/A,N/A,No
NonCerv-000989,non_cervical_biopsy,2026-05-20 09:29,N/A,N/A,N/A,No
NonCerv-000990,non_cervical_biopsy,2026-05-20 09:41,N/A,N/A,N/A,No
NonCerv-000991,non_cervical_biopsy,2026-05-20 09:59,N/A,N/A,N/A,No
NonCerv-000992,non_cervical_biopsy,2026-05-20 10:01,N/A,N/A,N/A,No
NonCerv-000993,non_cervical_biopsy,2026-05-20 10:04,N/A,N/A,N/A,No
NonCerv-000994,non_cervical_biopsy,2026-05-20 10:19,N/A,N/A,N/A,No
NonCerv-000995,non_cervical_biopsy,2026-05-20 10:42,N/A,N/A,N/A,No
NonCerv-000996,non_cervical_biopsy,2026-05-20 10:43,N/A,N/A,N/A,No
NonCerv-000997,non_cervical_biopsy,2026-05-20 10:50,N/A,N/A,N/A,No
NonCerv-000998,non_cervical_biopsy,2026-05-20 11:00,N/A,N/A,N/A,No
NonCerv-000999,non_cervical_biopsy,2026-05-20 11:00,N/A,N/A,N/A,No
NonCerv-001000,non_cervical_biopsy,2026-05-20 11:12,N/A,N/A,N/A,No
NonCerv-001001,non_cervical_biopsy,2026-05-20 11:44,N/A,N/A,N/A,No
NonCerv-001002,non_cervical_biopsy,2026-05-20 11:47,N/A,N/A,N/A,No
NonCerv-001003,non_cervical_biopsy,2026-05-20 12:02,N/A,N/A,N/A,No
NonCerv-001004,non_cervical_biopsy,2026-05-20 12:03,N/A,N/A,N/A,No
NonCerv-001005,non_cervical_biopsy,2026-05-20 12:33,N/A,N/A,N/A,No
NonCerv-001006,non_cervical_biopsy,2026-05-20 12:39,N/A,N/A,N/A,No
NonCerv-001007,non_cervical_biopsy,2026-05-20 12:43,N/A,N/A,N/A,No
NonCerv-001008,non_cervical_biopsy,2026-05-20 12:43,N/A,N/A,N/A,No
NonCerv-001009,non_cervical_biopsy,2026-05-20 12:49,N/A,N/A,N/A,No
NonCerv-001010,non_cervical_biopsy,2026-05-20 13:07,N/A,N/A,N/A,No
NonCerv-001011,non_cervical_biopsy,2026-05-20 13:13,N/A,N/A,N/A,No
NonCerv-001012,non_cervical_biopsy,2026-05-20 13:15,N/A,N/A,N/A,No
NonCerv-001013,non_cervical_biopsy,2026-05-20 13:24,N/A,N/A,N/A,No
NonCerv-001014,non_cervical_biopsy,2026-05-20 13:26,N/A,N/A,N/A,No
NonCerv-001015,non_cervical_biopsy,2026-05-20 13:39,N/A,N/A,N/A,No
NonCerv-001016,non_cervical_biopsy,2026-05-20 13:49,N/A,N/A,N/A,No
NonCerv-001017,non_cervical_biopsy,2026-05-20 14:01,N/A,N/A,N/A,No
NonCerv-001018,non_cervical_biopsy,2026-05-20 14:22,N/A,N/A,N/A,No
NonCerv-001019,non_cervical_biopsy,2026-05-20 14:22,N/A,N/A,N/A,No
NonCerv-001020,non_cervical_biopsy,2026-05-20 14:29,N/A,N/A,N/A,No
NonCerv-001021,non_cervical_biopsy,2026-05-20 14:47,N/A,N/A,N/A,No
NonCerv-001022,non_cervical_biopsy,2026-05-20 14:51,N/A,N/A,N/A,No
NonCerv-001023,non_cervical_biopsy,2026-05-20 14:51,N/A,N/A,N/A,No
NonCerv-001024,non_cervical_biopsy,2026-05-20 14:57,N/A,N/A,N/A,No
NonCerv-001025,non_cervical_biopsy,2026-05-20 15:01,N/A,N/A,N/A,No
NonCerv-001026,non_cervical_biopsy,2026-05-20 15:02,N/A,N/A,N/A,No
NonCerv-001027,non_cervical_biopsy,2026-05-20 15:33,N/A,N/A,N/A,No
NonCerv-001028,non_cervical_biopsy,2026-05-20 15:44,N/A,N/A,N/A,No
NonCerv-001029,non_cervical_biopsy,2026-05-20 15:59,N/A,N/A,N/A,No
NonCerv-001030,non_cervical_biopsy,2026-05-20 16:06,N/A,N/A,N/A,No
NonCerv-001031,non_cervical_biopsy,2026-05-20 16:06,N/A,N/A,N/A,No
NonCerv-001032,non_cervical_biopsy,2026-05-20 16:22,N/A,N/A,N/A,No
NonCerv-001033,non_cervical_biopsy,2026-05-20 16:25,N/A,N/A,N/A,No
NonCerv-001034,non_cervical_biopsy,2026-05-20 16:39,N/A,N/A,N/A,No
NonCerv-001035,non_cervical_biopsy,2026-05-20 16:43,N/A,N/A,N/A,No
NonCerv-001036,non_cervical_biopsy,2026-05-20 16:43,N/A,N/A,N/A,No
NonCerv-001037,non_cervical_biopsy,2026-05-20 16:53,N/A,N/A,N/A,No
