Slide ID,Patient ID,Fixation Start,Fixation End,Staining Start,Staining End
Pap-000001-S1,Pap-000001,2026-05-01 09:00,2026-05-01 09:20,2026-05-01 10:05,2026-05-01 10:40
NonPap-000001-S1,NonPap-000001,2026-05-01 09:00,2026-05-01 09:20,2026-05-01 10:05,2026-05-01 10:40
NonPap-000001-S2,NonPap-000001,2026-05-01 09:00,2026-05-01 09:20,2026-05-01 10:05,2026-05-01 10:40
NonPap-000001-S3,NonPap-000001,2026-05-01 09:00,2026-05-01 09:20,2026-05-01 10:05,2026-05-01 10:40
Pap-000002-S1,Pap-000002,2026-05-01 09:45,2026-05-01 10:05,2026-05-01 10:05,2026-05-01 10:40
NonPap-000002-S1,NonPap-000002,2026-05-01 10:12,2026-05-01 10:32,2026-05-01 10:54,2026-05-01 11:29
NonPap-000002-S2,NonPap-000002,2026-05-01 10:12,2026-05-01 10:32,2026-05-01 10:54,2026-05-01 11:29
NonPap-000002-S3,NonPap-000002,2026-05-01 10:12,2026-05-01 10:32,2026-05-01 10:54,2026-05-01 11:29
NonPap-000003-S1,NonPap-000003,2026-05-01 10:34,2026-05-01 10:54,2026-05-01 10:54,2026-05-01 11:29
NonPap-000003-S2,NonPap-000003,2026-05-01 10:34,2026-05-01 10:54,2026-05-01 10:54,2026-05-01 11:29
NonPap-000003-S3,NonPap-000003,2026-05-01 10:34,2026-05-01 10:54,2026-05-01 11:29,2026-05-01 12:04
NonPap-000004-S1,NonPap-000004,2026-05-01 10:38,2026-05-01 10:58,2026-05-01 11:29,2026-05-01 12:04
NonPap-000004-S2,NonPap-000004,2026-05-01 10:38,2026-05-01 10:58,2026-05-01 11:29,2026-05-01 12:04
NonPap-000004-S3,NonPap-000004,2026-05-01 10:38,2026-05-01 10:58,2026-05-01 11:29,2026-05-01 12:04
NonPap-000005-S1,NonPap-000005,2026-05-01 10:42,2026-05-01 11:02,2026-05-01 11:29,2026-05-01 12:04
NonPap-000005-S2,NonPap-000005,2026-05-01 10:42,2026-05-01 11:02,2026-05-01 12:04,2026-05-01 12:39
NonPap-000005-S3,NonPap-000005,2026-05-01 10:42,2026-05-01 11:02,2026-05-01 12:04,2026-05-01 12:39
NonPap-000006-S1,NonPap-000006,2026-05-01 11:11,2026-05-01 11:31,2026-05-01 12:04,2026-05-01 12:39
NonPap-000006-S2,NonPap-000006,2026-05-01 11:11,2026-05-01 11:31,2026-05-01 12:04,2026-05-01 12:39
NonPap-000006-S3,NonPap-000006,2026-05-01 11:11,2026-05-01 11:31,2026-05-01 12:04,2026-05-01 12:39
NonPap-000007-S1,NonPap-000007,2026-05-01 11:12,2026-05-01 11:32,2026-05-01 12:39,2026-05-01 13:14
NonPap-000007-S2,NonPap-000007,2026-05-01 11:12,2026-05-01 11:32,2026-05-01 12:39,2026-05-01 13:14
NonPap-000007-S3,NonPap-000007,2026-05-01 11:12,2026-05-01 11:32,2026-05-01 12:39,2026-05-01 13:14
Pap-000003-S1,Pap-000003,2026-05-01 11:51,2026-05-01 12:11,2026-05-01 12:39,2026-05-01 13:14
Pap-000004-S1,Pap-000004,2026-05-01 12:14,2026-05-01 12:34,2026-05-01 12:39,2026-05-01 13:14
NonPap-000008-S1,NonPap-000008,2026-05-01 12:36,2026-05-01 12:56,2026-05-01 13:14,2026-05-01 13:49
NonPap-000008-S2,NonPap-000008,2026-05-01 12:36,2026-05-01 12:56,2026-05-01 13:14,2026-05-01 13:49
NonPap-000008-S3,NonPap-000008,2026-05-01 12:36,2026-05-01 12:56,2026-05-01 13:14,2026-05-01 13:49
Pap-000005-S1,Pap-000005,2026-05-01 12:49,2026-05-01 13:09,2026-05-01 13:14,2026-05-01 13:49
NonPap-000009-S1,NonPap-000009,2026-05-01 12:54,2026-05-01 13:14,2026-05-01 13:14,2026-05-01 13:49
NonPap-000009-S2,NonPap-000009,2026-05-01 12:54,2026-05-01 13:14,2026-05-01 13:49,2026-05-01 14:24
NonPap-000009-S3,NonPap-000009,2026-05-01 12:54,2026-05-01 13:14,2026-05-01 13:49,2026-05-01 14:24
NonPap-000010-S1,NonPap-000010,2026-05-01 12:57,2026-05-01 13:17,2026-05-01 13:49,2026-05-01 14:24
NonPap-000010-S2,NonPap-000010,2026-05-01 12:57,2026-05-01 13:17,2026-05-01 13:49,2026-05-01 14:24
NonPap-000010-S3,NonPap-000010,2026-05-01 12:57,2026-05-01 13:17,2026-05-01 13:49,2026-05-01 14:24
NonPap-000011-S1,NonPap-000011,2026-05-01 13:06,2026-05-01 13:26,2026-05-01 14:24,2026-05-01 14:59
NonPap-000011-S2,NonPap-000011,2026-05-01 13:06,2026-05-01 13:26,2026-05-01 14:24,2026-05-01 14:59
NonPap-000011-S3,NonPap-000011,2026-05-01 13:06,2026-05-01 13:26,2026-05-01 14:24,2026-05-01 14:59
NonPap-000012-S1,NonPap-000012,2026-05-01 13:17,2026-05-01 13:37,2026-05-01 14:24,2026-05-01 14:59
NonPap-000012-S2,NonPap-000012,2026-05-01 13:17,2026-05-01 13:37,2026-05-01 14:24,2026-05-01 14:59
NonPap-000012-S3,NonPap-000012,2026-05-01 13:17,2026-05-01 13:37,2026-05-01 14:59,2026-05-01 15:34
NonPap-000013-S1,NonPap-000013,2026-05-01 13:34,2026-05-01 13:54,2026-05-01 14:59,2026-05-01 15:34
NonPap-000013-S2,NonPap-000013,2026-05-01 13:34,2026-05-01 13:54,2026-05-01 14:59,2026-05-01 15:34
NonPap-000013-S3,NonPap-000013,2026-05-01 13:34,2026-05-01 13:54,2026-05-01 14:59,2026-05-01 15:34
NonPap-000014-S1,NonPap-000014,2026-05-01 13:56,2026-05-01 14:16,2026-05-01 14:59,2026-05-01 15:34
NonPap-000014-S2,NonPap-000014,2026-05-01 13:56,2026-05-01 14:16,2026-05-01 15:34,2026-05-01 16:09
NonPap-000014-S3,NonPap-000014,2026-05-01 13:56,2026-05-01 14:16,2026-05-01 15:34,2026-05-01 16:09
NonPap-000015-S1,NonPap-000015,2026-05-01 14:00,2026-05-01 14:20,2026-05-01 15:34,2026-05-01 16:09
NonPap-000015-S2,NonPap-000015,2026-05-01 14:00,2026-05-01 14:20,2026-05-01 15:34,2026-05-01 16:09
NonPap-000015-S3,NonPap-000015,2026-05-01 14:00,2026-05-01 14:20,2026-05-01 15:34,2026-05-01 16:09
NonPap-000016-S1,NonPap-000016,2026-05-01 14:02,2026-05-01 14:22,2026-05-01 16:09,2026-05-01 16:44
NonPap-000016-S2,NonPap-000016,2026-05-01 14:02,2026-05-01 14:22,2026-05-01 16:09,2026-05-01 16:44
NonPap-000016-S3,NonPap-000016,2026-05-01 14:02,2026-05-01 14:22,2026-05-01 16:09,2026-05-01 16:44
Pap-000006-S1,Pap-000006,2026-05-01 14:20,2026-05-01 14:40,2026-05-01 16:09,2026-05-01 16:44
NonPap-000017-S1,NonPap-000017,2026-05-01 15:13,2026-05-01 15:33,2026-05-01 16:09,2026-05-01 16:44
NonPap-000017-S2,NonPap-000017,2026-05-01 15:13,2026-05-01 15:33,2026-05-01 16:44,2026-05-01 17:19
NonPap-000017-S3,NonPap-000017,2026-05-01 15:13,2026-05-01 15:33,2026-05-01 16:44,2026-05-01 17:19
NonPap-000018-S1,NonPap-000018,2026-05-01 15:53,2026-05-01 16:13,2026-05-01 16:44,2026-05-01 17:19
NonPap-000018-S2,NonPap-000018,2026-05-01 15:53,2026-05-01 16:13,2026-05-01 16:44,2026-05-01 17:19
NonPap-000018-S3,NonPap-000018,2026-05-01 15:53,2026-05-01 16:13,2026-05-01 16:44,2026-05-01 17:19
NonPap-000019-S1,NonPap-000019,2026-05-01 16:01,2026-05-01 16:21,2026-05-01 17:19,2026-05-01 17:54
NonPap-000019-S2,NonPap-000019,2026-05-01 16:01,2026-05-01 16:21,2026-05-01 17:19,2026-05-01 17:54
NonPap-000019-S3,NonPap-000019,2026-05-01 16:01,2026-05-01 16:21,2026-05-01 17:19,2026-05-01 17:54
NonPap-000020-S1,NonPap-000020,2026-05-01 16:04,2026-05-01 16:24,2026-05-01 17:19,2026-05-01 17:54
NonPap-000020-S2,NonPap-000020,2026-05-01 16:04,2026-05-01 16:24,2026-05-01 17:19,2026-05-01 17:54
NonPap-000020-S3,NonPap-000020,2026-05-01 16:04,2026-05-01 16:24,2026-05-02 09:00,2026-05-02 09:35
NonPap-000021-S1,NonPap-000021,2026-05-01 16:31,2026-05-01 16:51,2026-05-02 09:00,2026-05-02 09:35
NonPap-000021-S2,NonPap-000021,2026-05-01 16:31,2026-05-01 16:51,2026-05-02 09:00,2026-05-02 09:35
NonPap-000021-S3,NonPap-000021,2026-05-01 16:31,2026-05-01 16:51,2026-05-02 09:00,2026-05-02 09:35
NonPap-000022-S1,NonPap-000022,2026-05-01 16:45,2026-05-01 17:05,2026-05-02 09:00,2026-05-02 09:35
NonPap-000022-S2,NonPap-000022,2026-05-01 16:45,2026-05-01 17:05,2026-05-02 09:35,2026-05-02 10:10
NonPap-000022-S3,NonPap-000022,2026-05-01 16:45,2026-05-01 17:05,2026-05-02 09:35,2026-05-02 10:10
NonPap-000023-S1,NonPap-000023,2026-05-01 16:49,2026-05-01 17:09,2026-05-02 09:35,2026-05-02 10:10
NonPap-000023-S2,NonPap-000023,2026-05-01 16:49,2026-05-01 17:09,2026-05-02 09:35,2026-05-02 10:10
NonPap-000023-S3,NonPap-000023,2026-05-01 16:49,2026-05-01 17:09,2026-05-02 09:35,2026-05-02 10:10
Pap-000007-S1,Pap-000007,2026-05-02 09:00,2026-05-02 09:20,2026-05-02 10:10,2026-05-02 10:45
NonPap-000024-S1,NonPap-000024,2026-05-02 09:00,2026-05-02 09:20,2026-05-02 10:10,2026-05-02 10:45
NonPap-000024-S2,NonPap-000024,2026-05-02 09:00,2026-05-02 09:20,2026-05-02 10:10,2026-05-02 10:45
NonPap-000024-S3,NonPap-000024,2026-05-02 09:00,2026-05-02 09:20,2026-05-02 10:10,2026-05-02 10:45
Pap-000008-S1,Pap-000008,2026-05-02 09:03,2026-05-02 09:23,2026-05-02 10:10,2026-05-02 10:45
Pap-000009-S1,Pap-000009,2026-05-02 09:32,2026-05-02 09:52,2026-05-02 10:45,2026-05-02 11:20
NonPap-000025-S1,NonPap-000025,2026-05-02 09:57,2026-05-02 10:17,2026-05-02 10:45,2026-05-02 11:20
NonPap-000025-S2,NonPap-000025,2026-05-02 09:57,2026-05-02 10:17,2026-05-02 10:45,2026-05-02 11:20
NonPap-000025-S3,NonPap-000025,2026-05-02 09:57,2026-05-02 10:17,2026-05-02 10:45,2026-05-02 11:20
NonPap-000026-S1,NonPap-000026,2026-05-02 10:06,2026-05-02 10:26,2026-05-02 10:45,2026-05-02 11:20
NonPap-000026-S2,NonPap-000026,2026-05-02 10:06,2026-05-02 10:26,2026-05-02 11:50,2026-05-02 12:25
NonPap-000026-S3,NonPap-000026,2026-05-02 10:06,2026-05-02 10:26,2026-05-02 11:50,2026-05-02 12:25
Pap-000010-S1,Pap-000010,2026-05-02 11:16,2026-05-02 11:36,2026-05-02 11:50,2026-05-02 12:25
NonPap-000027-S1,NonPap-000027,2026-05-02 11:30,2026-05-02 11:50,2026-05-02 11:50,2026-05-02 12:25
NonPap-000027-S2,NonPap-000027,2026-05-02 11:30,2026-05-02 11:50,2026-05-02 11:50,2026-05-02 12:25
NonPap-000027-S3,NonPap-000027,2026-05-02 11:30,2026-05-02 11:50,2026-05-02 12:25,2026-05-02 13:00
NonPap-000028-S1,NonPap-000028,2026-05-02 11:32,2026-05-02 11:52,2026-05-02 12:25,2026-05-02 13:00
NonPap-000028-S2,NonPap-000028,2026-05-02 11:32,2026-05-02 11:52,2026-05-02 12:25,2026-05-02 13:00
NonPap-000028-S3,NonPap-000028,2026-05-02 11:32,2026-05-02 11:52,2026-05-02 12:25,2026-05-02 13:00
NonPap-000029-S1,NonPap-000029,2026-05-02 11:37,2026-05-02 11:57,2026-05-02 12:25,2026-05-02 13:00
NonPap-000029-S2,NonPap-000029,2026-05-02 11:37,2026-05-02 11:57,2026-05-02 13:00,2026-05-02 13:35
NonPap-000029-S3,NonPap-000029,2026-05-02 11:37,2026-05-02 11:57,2026-05-02 13:00,2026-05-02 13:35
NonPap-000030-S1,NonPap-000030,2026-05-02 11:38,2026-05-02 11:58,2026-05-02 13:00,2026-05-02 13:35
NonPap-000030-S2,NonPap-000030,2026-05-02 11:38,2026-05-02 11:58,2026-05-02 13:00,2026-05-02 13:35
NonPap-000030-S3,NonPap-000030,2026-05-02 11:38,2026-05-02 11:58,2026-05-02 13:00,2026-05-02 13:35
NonPap-000031-S1,NonPap-000031,2026-05-02 11:48,2026-05-02 12:08,2026-05-02 13:35,2026-05-02 14:10
NonPap-000031-S2,NonPap-000031,2026-05-02 11:48,2026-05-02 12:08,2026-05-02 13:35,2026-05-02 14:10
NonPap-000031-S3,NonPap-000031,2026-05-02 11:48,2026-05-02 12:08,2026-05-02 13:35,2026-05-02 14:10
NonPap-000032-S1,NonPap-000032,2026-05-02 11:56,2026-05-02 12:16,2026-05-02 13:35,2026-05-02 14:10
NonPap-000032-S2,NonPap-000032,2026-05-02 11:56,2026-05-02 12:16,2026-05-02 13:35,2026-05-02 14:10
NonPap-000032-S3,NonPap-000032,2026-05-02 11:56,2026-05-02 12:16,2026-05-02 14:10,2026-05-02 14:45
NonPap-000033-S1,NonPap-000033,2026-05-02 12:03,2026-05-02 12:23,2026-05-02 14:10,2026-05-02 14:45
NonPap-000033-S2,NonPap-000033,2026-05-02 12:03,2026-05-02 12:23,2026-05-02 14:10,2026-05-02 14:45
NonPap-000033-S3,NonPap-000033,2026-05-02 12:03,2026-05-02 12:23,2026-05-02 14:10,2026-05-02 14:45
NonPap-000034-S1,NonPap-000034,2026-05-02 12:22,2026-05-02 12:42,2026-05-02 14:10,2026-05-02 14:45
NonPap-000034-S2,NonPap-000034,2026-05-02 12:22,2026-05-02 12:42,2026-05-02 14:45,2026-05-02 15:20
NonPap-000034-S3,NonPap-000034,2026-05-02 12:22,2026-05-02 12:42,2026-05-02 14:45,2026-05-02 15:20
NonPap-000035-S1,NonPap-000035,2026-05-02 12:24,2026-05-02 12:44,2026-05-02 14:45,2026-05-02 15:20
NonPap-000035-S2,NonPap-000035,2026-05-02 12:24,2026-05-02 12:44,2026-05-02 14:45,2026-05-02 15:20
NonPap-000035-S3,NonPap-000035,2026-05-02 12:24,2026-05-02 12:44,2026-05-02 14:45,2026-05-02 15:20
NonPap-000036-S1,NonPap-000036,2026-05-02 14:08,2026-05-02 14:28,2026-05-02 15:20,2026-05-02 15:55
NonPap-000036-S2,NonPap-000036,2026-05-02 14:08,2026-05-02 14:28,2026-05-02 15:20,2026-05-02 15:55
NonPap-000036-S3,NonPap-000036,2026-05-02 14:08,2026-05-02 14:28,2026-05-02 15:20,2026-05-02 15:55
NonPap-000037-S1,NonPap-000037,2026-05-02 14:43,2026-05-02 15:03,2026-05-02 15:20,2026-05-02 15:55
NonPap-000037-S2,NonPap-000037,2026-05-02 14:43,2026-05-02 15:03,2026-05-02 15:20,2026-05-02 15:55
NonPap-000037-S3,NonPap-000037,2026-05-02 14:43,2026-05-02 15:03,2026-05-02 15:55,2026-05-02 16:30
NonPap-000038-S1,NonPap-000038,2026-05-02 14:45,2026-05-02 15:05,2026-05-02 15:55,2026-05-02 16:30
NonPap-000038-S2,NonPap-000038,2026-05-02 14:45,2026-05-02 15:05,2026-05-02 15:55,2026-05-02 16:30
NonPap-000038-S3,NonPap-000038,2026-05-02 14:45,2026-05-02 15:05,2026-05-02 15:55,2026-05-02 16:30
NonPap-000039-S1,NonPap-000039,2026-05-02 14:56,2026-05-02 15:16,2026-05-02 15:55,2026-05-02 16:30
NonPap-000039-S2,NonPap-000039,2026-05-02 14:56,2026-05-02 15:16,2026-05-02 16:30,2026-05-02 17:05
NonPap-000039-S3,NonPap-000039,2026-05-02 14:56,2026-05-02 15:16,2026-05-02 16:30,2026-05-02 17:05
NonPap-000040-S1,NonPap-000040,2026-05-02 14:59,2026-05-02 15:19,2026-05-02 16:30,2026-05-02 17:05
NonPap-000040-S2,NonPap-000040,2026-05-02 14:59,2026-05-02 15:19,2026-05-02 16:30,2026-05-02 17:05
NonPap-000040-S3,NonPap-000040,2026-05-02 14:59,2026-05-02 15:19,2026-05-02 16:30,2026-05-02 17:05
Pap-000011-S1,Pap-000011,2026-05-02 15:21,2026-05-02 15:41,2026-05-02 17:05,2026-05-02 17:40
NonPap-000041-S1,NonPap-000041,2026-05-02 15:47,2026-05-02 16:07,2026-05-02 17:05,2026-05-02 17:40
NonPap-000041-S2,NonPap-000041,2026-05-02 15:47,2026-05-02 16:07,2026-05-02 17:05,2026-05-02 17:40
NonPap-000041-S3,NonPap-000041,2026-05-02 15:47,2026-05-02 16:07,2026-05-02 17:05,2026-05-02 17:40
NonPap-000042-S1,NonPap-000042,2026-05-02 15:56,2026-05-02 16:16,2026-05-02 17:05,2026-05-02 17:40
NonPap-000042-S2,NonPap-000042,2026-05-02 15:56,2026-05-02 16:16,2026-05-02 17:40,2026-05-02 18:15
NonPap-000042-S3,NonPap-000042,2026-05-02 15:56,2026-05-02 16:16,2026-05-02 17:40,2026-05-02 18:15
NonPap-000043-S1,NonPap-000043,2026-05-02 15:58,2026-05-02 16:18,2026-05-02 17:40,2026-05-02 18:15
NonPap-000043-S2,NonPap-000043,2026-05-02 15:58,2026-05-02 16:18,2026-05-02 17:40,2026-05-02 18:15
NonPap-000043-S3,NonPap-000043,2026-05-02 15:58,2026-05-02 16:18,2026-05-02 17:40,2026-05-02 18:15
NonPap-000044-S1,NonPap-000044,2026-05-02 16:07,2026-05-02 16:27,2026-05-03 09:00,2026-05-03 09:35
NonPap-000044-S2,NonPap-000044,2026-05-02 16:07,2026-05-02 16:27,2026-05-03 09:00,2026-05-03 09:35
NonPap-000044-S3,NonPap-000044,2026-05-02 16:07,2026-05-02 16:27,2026-05-03 09:00,2026-05-03 09:35
NonPap-000045-S1,NonPap-000045,2026-05-02 16:16,2026-05-02 16:36,2026-05-03 09:00,2026-05-03 09:35
NonPap-000045-S2,NonPap-000045,2026-05-02 16:16,2026-05-02 16:36,2026-05-03 09:00,2026-05-03 09:35
NonPap-000045-S3,NonPap-000045,2026-05-02 16:16,2026-05-02 16:36,2026-05-03 09:35,2026-05-03 10:10
NonPap-000046-S1,NonPap-000046,2026-05-02 16:48,2026-05-02 17:08,2026-05-03 09:35,2026-05-03 10:10
NonPap-000046-S2,NonPap-000046,2026-05-02 16:48,2026-05-02 17:08,2026-05-03 09:35,2026-05-03 10:10
NonPap-000046-S3,NonPap-000046,2026-05-02 16:48,2026-05-02 17:08,2026-05-03 09:35,2026-05-03 10:10
Pap-000012-S1,Pap-000012,2026-05-02 16:54,2026-05-02 17:14,2026-05-03 09:35,2026-05-03 10:10
Pap-000013-S1,Pap-000013,2026-05-03 09:00,2026-05-03 09:20,2026-05-03 10:10,2026-05-03 10:45
NonPap-000047-S1,NonPap-000047,2026-05-03 09:00,2026-05-03 09:20,2026-05-03 10:10,2026-05-03 10:45
NonPap-000047-S2,NonPap-000047,2026-05-03 09:00,2026-05-03 09:20,2026-05-03 10:10,2026-05-03 10:45
NonPap-000047-S3,NonPap-000047,2026-05-03 09:00,2026-05-03 09:20,2026-05-03 10:10,2026-05-03 10:45
NonPap-000048-S1,NonPap-000048,2026-05-03 09:03,2026-05-03 09:23,2026-05-03 10:10,2026-05-03 10:45
NonPap-000048-S2,NonPap-000048,2026-05-03 09:03,2026-05-03 09:23,2026-05-03 10:45,2026-05-03 11:20
NonPap-000048-S3,NonPap-000048,2026-05-03 09:03,2026-05-03 09:23,2026-05-03 10:45,2026-05-03 11:20
NonPap-000049-S1,NonPap-000049,2026-05-03 09:33,2026-05-03 09:53,2026-05-03 10:45,2026-05-03 11:20
NonPap-000049-S2,NonPap-000049,2026-05-03 09:33,2026-05-03 09:53,2026-05-03 10:45,2026-05-03 11:20
NonPap-000049-S3,NonPap-000049,2026-05-03 09:33,2026-05-03 09:53,2026-05-03 10:45,2026-05-03 11:20
Pap-000014-S1,Pap-000014,2026-05-03 10:01,2026-05-03 10:21,2026-05-03 11:20,2026-05-03 11:55
NonPap-000050-S1,NonPap-000050,2026-05-03 10:07,2026-05-03 10:27,2026-05-03 11:20,2026-05-03 11:55
NonPap-000050-S2,NonPap-000050,2026-05-03 10:07,2026-05-03 10:27,2026-05-03 11:20,2026-05-03 11:55
NonPap-000050-S3,NonPap-000050,2026-05-03 10:07,2026-05-03 10:27,2026-05-03 11:20,2026-05-03 11:55
NonPap-000051-S1,NonPap-000051,2026-05-03 10:20,2026-05-03 10:40,2026-05-03 11:20,2026-05-03 11:55
NonPap-000051-S2,NonPap-000051,2026-05-03 10:20,2026-05-03 10:40,2026-05-03 11:55,2026-05-03 12:30
NonPap-000051-S3,NonPap-000051,2026-05-03 10:20,2026-05-03 10:40,2026-05-03 11:55,2026-05-03 12:30
NonPap-000052-S1,NonPap-000052,2026-05-03 10:21,2026-05-03 10:41,2026-05-03 11:55,2026-05-03 12:30
NonPap-000052-S2,NonPap-000052,2026-05-03 10:21,2026-05-03 10:41,2026-05-03 11:55,2026-05-03 12:30
NonPap-000052-S3,NonPap-000052,2026-05-03 10:21,2026-05-03 10:41,2026-05-03 11:55,2026-05-03 12:30
NonPap-000053-S1,NonPap-000053,2026-05-03 10:24,2026-05-03 10:44,2026-05-03 12:30,2026-05-03 13:05
NonPap-000053-S2,NonPap-000053,2026-05-03 10:24,2026-05-03 10:44,2026-05-03 12:30,2026-05-03 13:05
NonPap-000053-S3,NonPap-000053,2026-05-03 10:24,2026-05-03 10:44,2026-05-03 12:30,2026-05-03 13:05
NonPap-000054-S1,NonPap-000054,2026-05-03 10:24,2026-05-03 10:44,2026-05-03 12:30,2026-05-03 13:05
NonPap-000054-S2,NonPap-000054,2026-05-03 10:24,2026-05-03 10:44,2026-05-03 12:30,2026-05-03 13:05
NonPap-000054-S3,NonPap-000054,2026-05-03 10:24,2026-05-03 10:44,2026-05-03 13:05,2026-05-03 13:40
NonPap-000055-S1,NonPap-000055,2026-05-03 10:49,2026-05-03 11:09,2026-05-03 13:05,2026-05-03 13:40
NonPap-000055-S2,NonPap-000055,2026-05-03 10:49,2026-05-03 11:09,2026-05-03 13:05,2026-05-03 13:40
NonPap-000055-S3,NonPap-000055,2026-05-03 10:49,2026-05-03 11:09,2026-05-03 13:05,2026-05-03 13:40
Pap-000015-S1,Pap-000015,2026-05-03 11:12,2026-05-03 11:32,2026-05-03 13:05,2026-05-03 13:40
Pap-000016-S1,Pap-000016,2026-05-03 11:37,2026-05-03 11:57,2026-05-03 13:40,2026-05-03 14:15
NonPap-000056-S1,NonPap-000056,2026-05-03 11:46,2026-05-03 12:06,2026-05-03 13:40,2026-05-03 14:15
NonPap-000056-S2,NonPap-000056,2026-05-03 11:46,2026-05-03 12:06,2026-05-03 13:40,2026-05-03 14:15
NonPap-000056-S3,NonPap-000056,2026-05-03 11:46,2026-05-03 12:06,2026-05-03 13:40,2026-05-03 14:15
NonPap-000057-S1,NonPap-000057,2026-05-03 12:35,2026-05-03 12:55,2026-05-03 13:40,2026-05-03 14:15
NonPap-000057-S2,NonPap-000057,2026-05-03 12:35,2026-05-03 12:55,2026-05-04 09:00,2026-05-04 09:35
NonPap-000057-S3,NonPap-000057,2026-05-03 12:35,2026-05-03 12:55,2026-05-04 09:00,2026-05-04 09:35
NonPap-000058-S1,NonPap-000058,2026-05-03 13:14,2026-05-03 13:34,2026-05-04 09:00,2026-05-04 09:35
NonPap-000058-S2,NonPap-000058,2026-05-03 13:14,2026-05-03 13:34,2026-05-04 09:00,2026-05-04 09:35
NonPap-000058-S3,NonPap-000058,2026-05-03 13:14,2026-05-03 13:34,2026-05-04 09:00,2026-05-04 09:35
NonPap-000059-S1,NonPap-000059,2026-05-03 13:19,2026-05-03 13:39,2026-05-04 09:35,2026-05-04 10:10
NonPap-000059-S2,NonPap-000059,2026-05-03 13:19,2026-05-03 13:39,2026-05-04 09:35,2026-05-04 10:10
NonPap-000059-S3,NonPap-000059,2026-05-03 13:19,2026-05-03 13:39,2026-05-04 09:35,2026-05-04 10:10
NonPap-000060-S1,NonPap-000060,2026-05-03 14:13,2026-05-03 14:33,2026-05-04 09:35,2026-05-04 10:10
NonPap-000060-S2,NonPap-000060,2026-05-03 14:13,2026-05-03 14:33,2026-05-04 09:35,2026-05-04 10:10
NonPap-000060-S3,NonPap-000060,2026-05-03 14:13,2026-05-03 14:33,2026-05-04 10:10,2026-05-04 10:45
NonPap-000061-S1,NonPap-000061,2026-05-03 14:31,2026-05-03 14:51,2026-05-04 10:10,2026-05-04 10:45
NonPap-000061-S2,NonPap-000061,2026-05-03 14:31,2026-05-03 14:51,2026-05-04 10:10,2026-05-04 10:45
NonPap-000061-S3,NonPap-000061,2026-05-03 14:31,2026-05-03 14:51,2026-05-04 10:10,2026-05-04 10:45
NonPap-000062-S1,NonPap-000062,2026-05-03 15:11,2026-05-03 15:31,2026-05-04 10:10,2026-05-04 10:45
NonPap-000062-S2,NonPap-000062,2026-05-03 15:11,2026-05-03 15:31,2026-05-04 10:45,2026-05-04 11:20
NonPap-000062-S3,NonPap-000062,2026-05-03 15:11,2026-05-03 15:31,2026-05-04 10:45,2026-05-04 11:20
Pap-000017-S1,Pap-000017,2026-05-03 15:52,2026-05-03 16:12,2026-05-04 10:45,2026-05-04 11:20
NonPap-000063-S1,NonPap-000063,2026-05-03 16:05,2026-05-03 16:25,2026-05-04 10:45,2026-05-04 11:20
NonPap-000063-S2,NonPap-000063,2026-05-03 16:05,2026-05-03 16:25,2026-05-04 10:45,2026-05-04 11:20
NonPap-000063-S3,NonPap-000063,2026-05-03 16:05,2026-05-03 16:25,2026-05-04 11:20,2026-05-04 11:55
NonPap-000064-S1,NonPap-000064,2026-05-03 16:08,2026-05-03 16:28,2026-05-04 11:20,2026-05-04 11:55
NonPap-000064-S2,NonPap-000064,2026-05-03 16:08,2026-05-03 16:28,2026-05-04 11:20,2026-05-04 11:55
NonPap-000064-S3,NonPap-000064,2026-05-03 16:08,2026-05-03 16:28,2026-05-04 11:20,2026-05-04 11:55
NonPap-000065-S1,NonPap-000065,2026-05-03 16:14,2026-05-03 16:34,2026-05-04 11:20,2026-05-04 11:55
NonPap-000065-S2,NonPap-000065,2026-05-03 16:14,2026-05-03 16:34,2026-05-04 11:55,2026-05-04 12:30
NonPap-000065-S3,NonPap-000065,2026-05-03 16:14,2026-05-03 16:34,2026-05-04 11:55,2026-05-04 12:30
NonPap-000066-S1,NonPap-000066,2026-05-03 16:27,2026-05-03 16:47,2026-05-04 11:55,2026-05-04 12:30
NonPap-000066-S2,NonPap-000066,2026-05-03 16:27,2026-05-03 16:47,2026-05-04 11:55,2026-05-04 12:30
NonPap-000066-S3,NonPap-000066,2026-05-03 16:27,2026-05-03 16:47,2026-05-04 11:55,2026-05-04 12:30
Pap-000018-S1,Pap-000018,2026-05-03 16:28,2026-05-03 16:48,2026-05-04 12:30,2026-05-04 13:05
NonPap-000067-S1,NonPap-000067,2026-05-04 09:00,2026-05-04 09:20,2026-05-04 12:30,2026-05-04 13:05
NonPap-000067-S2,NonPap-000067,2026-05-04 09:00,2026-05-04 09:20,2026-05-04 12:30,2026-05-04 13:05
NonPap-000067-S3,NonPap-000067,2026-05-04 09:00,2026-05-04 09:20,2026-05-04 12:30,2026-05-04 13:05
Pap-000019-S1,Pap-000019,2026-05-04 09:00,2026-05-04 09:20,2026-05-04 12:30,2026-05-04 13:05
NonPap-000068-S1,NonPap-000068,2026-05-04 09:00,2026-05-04 09:20,2026-05-04 13:05,2026-05-04 13:40
NonPap-000068-S2,NonPap-000068,2026-05-04 09:00,2026-05-04 09:20,2026-05-04 13:05,2026-05-04 13:40
NonPap-000068-S3,NonPap-000068,2026-05-04 09:00,2026-05-04 09:20,2026-05-04 13:05,2026-05-04 13:40
NonPap-000069-S1,NonPap-000069,2026-05-04 09:13,2026-05-04 09:33,2026-05-04 13:05,2026-05-04 13:40
NonPap-000069-S2,NonPap-000069,2026-05-04 09:13,2026-05-04 09:33,2026-05-04 13:05,2026-05-04 13:40
NonPap-000069-S3,NonPap-000069,2026-05-04 09:13,2026-05-04 09:33,2026-05-04 13:40,2026-05-04 14:15
NonPap-000070-S1,NonPap-000070,2026-05-04 09:19,2026-05-04 09:39,2026-05-04 13:40,2026-05-04 14:15
NonPap-000070-S2,NonPap-000070,2026-05-04 09:19,2026-05-04 09:39,2026-05-04 13:40,2026-05-04 14:15
NonPap-000070-S3,NonPap-000070,2026-05-04 09:19,2026-05-04 09:39,2026-05-04 13:40,2026-05-04 14:15
NonPap-000071-S1,NonPap-000071,2026-05-04 09:22,2026-05-04 09:42,2026-05-04 13:40,2026-05-04 14:15
NonPap-000071-S2,NonPap-000071,2026-05-04 09:22,2026-05-04 09:42,2026-05-04 14:15,2026-05-04 14:50
NonPap-000071-S3,NonPap-000071,2026-05-04 09:22,2026-05-04 09:42,2026-05-04 14:15,2026-05-04 14:50
NonPap-000072-S1,NonPap-000072,2026-05-04 09:32,2026-05-04 09:52,2026-05-04 14:15,2026-05-04 14:50
NonPap-000072-S2,NonPap-000072,2026-05-04 09:32,2026-05-04 09:52,2026-05-04 14:15,2026-05-04 14:50
NonPap-000072-S3,NonPap-000072,2026-05-04 09:32,2026-05-04 09:52,2026-05-04 14:15,2026-05-04 14:50
Pap-000020-S1,Pap-000020,2026-05-04 10:08,2026-05-04 10:28,2026-05-04 14:50,2026-05-04 15:25
NonPap-000073-S1,NonPap-000073,2026-05-04 10:40,2026-05-04 11:00,2026-05-04 14:50,2026-05-04 15:25
NonPap-000073-S2,NonPap-000073,2026-05-04 10:40,2026-05-04 11:00,2026-05-04 14:50,2026-05-04 15:25
NonPap-000073-S3,NonPap-000073,2026-05-04 10:40,2026-05-04 11:00,2026-05-04 14:50,2026-05-04 15:25
NonPap-000074-S1,NonPap-000074,2026-05-04 10:47,2026-05-04 11:07,2026-05-04 14:50,2026-05-04 15:25
NonPap-000074-S2,NonPap-000074,2026-05-04 10:47,2026-05-04 11:07,2026-05-04 15:25,2026-05-04 16:00
NonPap-000074-S3,NonPap-000074,2026-05-04 10:47,2026-05-04 11:07,2026-05-04 15:25,2026-05-04 16:00
Pap-000021-S1,Pap-000021,2026-05-04 10:52,2026-05-04 11:12,2026-05-04 15:25,2026-05-04 16:00
NonPap-000075-S1,NonPap-000075,2026-05-04 11:04,2026-05-04 11:24,2026-05-04 15:25,2026-05-04 16:00
NonPap-000075-S2,NonPap-000075,2026-05-04 11:04,2026-05-04 11:24,2026-05-04 15:25,2026-05-04 16:00
NonPap-000075-S3,NonPap-000075,2026-05-04 11:04,2026-05-04 11:24,2026-05-04 16:00,2026-05-04 16:35
NonPap-000076-S1,NonPap-000076,2026-05-04 11:05,2026-05-04 11:25,2026-05-04 16:00,2026-05-04 16:35
NonPap-000076-S2,NonPap-000076,2026-05-04 11:05,2026-05-04 11:25,2026-05-04 16:00,2026-05-04 16:35
NonPap-000076-S3,NonPap-000076,2026-05-04 11:05,2026-05-04 11:25,2026-05-04 16:00,2026-05-04 16:35
Pap-000022-S1,Pap-000022,2026-05-04 11:24,2026-05-04 11:44,2026-05-04 16:00,2026-05-04 16:35
NonPap-000077-S1,NonPap-000077,2026-05-04 11:27,2026-05-04 11:47,2026-05-04 16:35,2026-05-04 17:10
NonPap-000077-S2,NonPap-000077,2026-05-04 11:27,2026-05-04 11:47,2026-05-04 16:35,2026-05-04 17:10
NonPap-000077-S3,NonPap-000077,2026-05-04 11:27,2026-05-04 11:47,2026-05-04 16:35,2026-05-04 17:10
Pap-000023-S1,Pap-000023,2026-05-04 11:29,2026-05-04 11:49,2026-05-04 16:35,2026-05-04 17:10
NonPap-000078-S1,NonPap-000078,2026-05-04 11:35,2026-05-04 11:55,2026-05-04 16:35,2026-05-04 17:10
NonPap-000078-S2,NonPap-000078,2026-05-04 11:35,2026-05-04 11:55,2026-05-04 17:10,2026-05-04 17:45
NonPap-000078-S3,NonPap-000078,2026-05-04 11:35,2026-05-04 11:55,2026-05-04 17:10,2026-05-04 17:45
NonPap-000079-S1,NonPap-000079,2026-05-04 11:42,2026-05-04 12:02,2026-05-04 17:10,2026-05-04 17:45
NonPap-000079-S2,NonPap-000079,2026-05-04 11:42,2026-05-04 12:02,2026-05-04 17:10,2026-05-04 17:45
NonPap-000079-S3,NonPap-000079,2026-05-04 11:42,2026-05-04 12:02,2026-05-04 17:10,2026-05-04 17:45
NonPap-000080-S1,NonPap-000080,2026-05-04 11:45,2026-05-04 12:05,2026-05-04 17:45,2026-05-04 18:20
NonPap-000080-S2,NonPap-000080,2026-05-04 11:45,2026-05-04 12:05,2026-05-04 17:45,2026-05-04 18:20
NonPap-000080-S3,NonPap-000080,2026-05-04 11:45,2026-05-04 12:05,2026-05-04 17:45,2026-05-04 18:20
NonPap-000081-S1,NonPap-000081,2026-05-04 13:27,2026-05-04 13:47,2026-05-04 17:45,2026-05-04 18:20
NonPap-000081-S2,NonPap-000081,2026-05-04 13:27,2026-05-04 13:47,2026-05-04 17:45,2026-05-04 18:20
NonPap-000081-S3,NonPap-000081,2026-05-04 13:27,2026-05-04 13:47,2026-05-05 09:00,2026-05-05 09:35
NonPap-000082-S1,NonPap-000082,2026-05-04 13:30,2026-05-04 13:50,2026-05-05 09:00,2026-05-05 09:35
NonPap-000082-S2,NonPap-000082,2026-05-04 13:30,2026-05-04 13:50,2026-05-05 09:00,2026-05-05 09:35
NonPap-000082-S3,NonPap-000082,2026-05-04 13:30,2026-05-04 13:50,2026-05-05 09:00,2026-05-05 09:35
NonPap-000083-S1,NonPap-000083,2026-05-04 14:13,2026-05-04 14:33,2026-05-05 09:00,2026-05-05 09:35
NonPap-000083-S2,NonPap-000083,2026-05-04 14:13,2026-05-04 14:33,2026-05-05 09:35,2026-05-05 10:10
NonPap-000083-S3,NonPap-000083,2026-05-04 14:13,2026-05-04 14:33,2026-05-05 09:35,2026-05-05 10:10
NonPap-000084-S1,NonPap-000084,2026-05-04 14:14,2026-05-04 14:34,2026-05-05 09:35,2026-05-05 10:10
NonPap-000084-S2,NonPap-000084,2026-05-04 14:14,2026-05-04 14:34,2026-05-05 09:35,2026-05-05 10:10
NonPap-000084-S3,NonPap-000084,2026-05-04 14:14,2026-05-04 14:34,2026-05-05 09:35,2026-05-05 10:10
NonPap-000085-S1,NonPap-000085,2026-05-04 14:35,2026-05-04 14:55,2026-05-05 10:10,2026-05-05 10:45
NonPap-000085-S2,NonPap-000085,2026-05-04 14:35,2026-05-04 14:55,2026-05-05 10:10,2026-05-05 10:45
NonPap-000085-S3,NonPap-000085,2026-05-04 14:35,2026-05-04 14:55,2026-05-05 10:10,2026-05-05 10:45
NonPap-000086-S1,NonPap-000086,2026-05-04 15:02,2026-05-04 15:22,2026-05-05 10:10,2026-05-05 10:45
NonPap-000086-S2,NonPap-000086,2026-05-04 15:02,2026-05-04 15:22,2026-05-05 10:10,2026-05-05 10:45
NonPap-000086-S3,NonPap-000086,2026-05-04 15:02,2026-05-04 15:22,2026-05-05 10:45,2026-05-05 11:20
NonPap-000087-S1,NonPap-000087,2026-05-04 15:03,2026-05-04 15:23,2026-05-05 10:45,2026-05-05 11:20
NonPap-000087-S2,NonPap-000087,2026-05-04 15:03,2026-05-04 15:23,2026-05-05 10:45,2026-05-05 11:20
NonPap-000087-S3,NonPap-000087,2026-05-04 15:03,2026-05-04 15:23,2026-05-05 10:45,2026-05-05 11:20
Pap-000024-S1,Pap-000024,2026-05-04 15:18,2026-05-04 15:38,2026-05-05 10:45,2026-05-05 11:20
NonPap-000088-S1,NonPap-000088,2026-05-04 15:20,2026-05-04 15:40,2026-05-05 11:20,2026-05-05 11:55
NonPap-000088-S2,NonPap-000088,2026-05-04 15:20,2026-05-04 15:40,2026-05-05 11:20,2026-05-05 11:55
NonPap-000088-S3,NonPap-000088,2026-05-04 15:20,2026-05-04 15:40,2026-05-05 11:20,2026-05-05 11:55
Pap-000025-S1,Pap-000025,2026-05-04 15:43,2026-05-04 16:03,2026-05-05 11:20,2026-05-05 11:55
NonPap-000089-S1,NonPap-000089,2026-05-04 15:45,2026-05-04 16:05,2026-05-05 11:20,2026-05-05 11:55
NonPap-000089-S2,NonPap-000089,2026-05-04 15:45,2026-05-04 16:05,2026-05-05 11:55,2026-05-05 12:30
NonPap-000089-S3,NonPap-000089,2026-05-04 15:45,2026-05-04 16:05,2026-05-05 11:55,2026-05-05 12:30
Pap-000026-S1,Pap-000026,2026-05-04 16:01,2026-05-04 16:21,2026-05-05 11:55,2026-05-05 12:30
NonPap-000090-S1,NonPap-000090,2026-05-04 16:13,2026-05-04 16:33,2026-05-05 11:55,2026-05-05 12:30
NonPap-000090-S2,NonPap-000090,2026-05-04 16:13,2026-05-04 16:33,2026-05-05 11:55,2026-05-05 12:30
NonPap-000090-S3,NonPap-000090,2026-05-04 16:13,2026-05-04 16:33,2026-05-05 12:30,2026-05-05 13:05
Pap-000027-S1,Pap-000027,2026-05-04 16:48,2026-05-04 17:08,2026-05-05 12:30,2026-05-05 13:05
NonPap-000091-S1,NonPap-000091,2026-05-05 09:00,2026-05-05 09:20,2026-05-05 12:30,2026-05-05 13:05
NonPap-000091-S2,NonPap-000091,2026-05-05 09:00,2026-05-05 09:20,2026-05-05 12:30,2026-05-05 13:05
NonPap-000091-S3,NonPap-000091,2026-05-05 09:00,2026-05-05 09:20,2026-05-05 12:30,2026-05-05 13:05
Pap-000028-S1,Pap-000028,2026-05-05 09:00,2026-05-05 09:20,2026-05-05 13:05,2026-05-05 13:40
NonPap-000092-S1,NonPap-000092,2026-05-05 09:10,2026-05-05 09:30,2026-05-05 13:05,2026-05-05 13:40
NonPap-000092-S2,NonPap-000092,2026-05-05 09:10,2026-05-05 09:30,2026-05-05 13:05,2026-05-05 13:40
NonPap-000092-S3,NonPap-000092,2026-05-05 09:10,2026-05-05 09:30,2026-05-05 13:05,2026-05-05 13:40
Pap-000029-S1,Pap-000029,2026-05-05 09:11,2026-05-05 09:31,2026-05-05 13:05,2026-05-05 13:40
NonPap-000093-S1,NonPap-000093,2026-05-05 10:12,2026-05-05 10:32,2026-05-05 13:40,2026-05-05 14:15
NonPap-000093-S2,NonPap-000093,2026-05-05 10:12,2026-05-05 10:32,2026-05-05 13:40,2026-05-05 14:15
NonPap-000093-S3,NonPap-000093,2026-05-05 10:12,2026-05-05 10:32,2026-05-05 13:40,2026-05-05 14:15
NonPap-000094-S1,NonPap-000094,2026-05-05 10:31,2026-05-05 10:51,2026-05-05 13:40,2026-05-05 14:15
NonPap-000094-S2,NonPap-000094,2026-05-05 10:31,2026-05-05 10:51,2026-05-05 13:40,2026-05-05 14:15
NonPap-000094-S3,NonPap-000094,2026-05-05 10:31,2026-05-05 10:51,2026-05-05 14:15,2026-05-05 14:50
NonPap-000095-S1,NonPap-000095,2026-05-05 10:38,2026-05-05 10:58,2026-05-05 14:15,2026-05-05 14:50
NonPap-000095-S2,NonPap-000095,2026-05-05 10:38,2026-05-05 10:58,2026-05-05 14:15,2026-05-05 14:50
NonPap-000095-S3,NonPap-000095,2026-05-05 10:38,2026-05-05 10:58,2026-05-05 14:15,2026-05-05 14:50
NonPap-000096-S1,NonPap-000096,2026-05-05 10:40,2026-05-05 11:00,2026-05-05 14:15,2026-05-05 14:50
NonPap-000096-S2,NonPap-000096,2026-05-05 10:40,2026-05-05 11:00,2026-05-05 14:50,2026-05-05 15:25
NonPap-000096-S3,NonPap-000096,2026-05-05 10:40,2026-05-05 11:00,2026-05-05 14:50,2026-05-05 15:25
NonPap-000097-S1,NonPap-000097,2026-05-05 11:35,2026-05-05 11:55,2026-05-05 14:50,2026-05-05 15:25
NonPap-000097-S2,NonPap-000097,2026-05-05 11:35,2026-05-05 11:55,2026-05-05 14:50,2026-05-05 15:25
NonPap-000097-S3,NonPap-000097,2026-05-05 11:35,2026-05-05 11:55,2026-05-05 14:50,2026-05-05 15:25
NonPap-000098-S1,NonPap-000098,2026-05-05 12:06,2026-05-05 12:26,2026-05-05 15:25,2026-05-05 16:00
NonPap-000098-S2,NonPap-000098,2026-05-05 12:06,2026-05-05 12:26,2026-05-05 15:25,2026-05-05 16:00
NonPap-000098-S3,NonPap-000098,2026-05-05 12:06,2026-05-05 12:26,2026-05-05 15:25,2026-05-05 16:00
NonPap-000099-S1,NonPap-000099,2026-05-05 12:30,2026-05-05 12:50,2026-05-05 15:25,2026-05-05 16:00
NonPap-000099-S2,NonPap-000099,2026-05-05 12:30,2026-05-05 12:50,2026-05-05 15:25,2026-05-05 16:00
NonPap-000099-S3,NonPap-000099,2026-05-05 12:30,2026-05-05 12:50,2026-05-05 16:00,2026-05-05 16:35
NonPap-000100-S1,NonPap-000100,2026-05-05 12:32,2026-05-05 12:52,2026-05-05 16:00,2026-05-05 16:35
NonPap-000100-S2,NonPap-000100,2026-05-05 12:32,2026-05-05 12:52,2026-05-05 16:00,2026-05-05 16:35
NonPap-000100-S3,NonPap-000100,2026-05-05 12:32,2026-05-05 12:52,2026-05-05 16:00,2026-05-05 16:35
Pap-000030-S1,Pap-000030,2026-05-05 12:33,2026-05-05 12:53,2026-05-05 16:00,2026-05-05 16:35
NonPap-000101-S1,NonPap-000101,2026-05-05 12:37,2026-05-05 12:57,2026-05-05 16:35,2026-05-05 17:10
NonPap-000101-S2,NonPap-000101,2026-05-05 12:37,2026-05-05 12:57,2026-05-05 16:35,2026-05-05 17:10
NonPap-000101-S3,NonPap-000101,2026-05-05 12:37,2026-05-05 12:57,2026-05-05 16:35,2026-05-05 17:10
NonPap-000102-S1,NonPap-000102,2026-05-05 12:59,2026-05-05 13:19,2026-05-05 16:35,2026-05-05 17:10
NonPap-000102-S2,NonPap-000102,2026-05-05 12:59,2026-05-05 13:19,2026-05-05 16:35,2026-05-05 17:10
NonPap-000102-S3,NonPap-000102,2026-05-05 12:59,2026-05-05 13:19,2026-05-05 17:10,2026-05-05 17:45
NonPap-000103-S1,NonPap-000103,2026-05-05 13:03,2026-05-05 13:23,2026-05-05 17:10,2026-05-05 17:45
NonPap-000103-S2,NonPap-000103,2026-05-05 13:03,2026-05-05 13:23,2026-05-05 17:10,2026-05-05 17:45
NonPap-000103-S3,NonPap-000103,2026-05-05 13:03,2026-05-05 13:23,2026-05-05 17:10,2026-05-05 17:45
NonPap-000104-S1,NonPap-000104,2026-05-05 13:29,2026-05-05 13:49,2026-05-05 17:10,2026-05-05 17:45
NonPap-000104-S2,NonPap-000104,2026-05-05 13:29,2026-05-05 13:49,2026-05-05 17:45,2026-05-05 18:20
NonPap-000104-S3,NonPap-000104,2026-05-05 13:29,2026-05-05 13:49,2026-05-05 17:45,2026-05-05 18:20
NonPap-000105-S1,NonPap-000105,2026-05-05 13:35,2026-05-05 13:55,2026-05-05 17:45,2026-05-05 18:20
NonPap-000105-S2,NonPap-000105,2026-05-05 13:35,2026-05-05 13:55,2026-05-05 17:45,2026-05-05 18:20
NonPap-000105-S3,NonPap-000105,2026-05-05 13:35,2026-05-05 13:55,2026-05-05 17:45,2026-05-05 18:20
NonPap-000106-S1,NonPap-000106,2026-05-05 14:05,2026-05-05 14:25,N/A,N/A
NonPap-000106-S2,NonPap-000106,2026-05-05 14:05,2026-05-05 14:25,N/A,N/A
NonPap-000106-S3,NonPap-000106,2026-05-05 14:05,2026-05-05 14:25,N/A,N/A
NonPap-000107-S1,NonPap-000107,2026-05-05 14:50,2026-05-05 15:10,N/A,N/A
NonPap-000107-S2,NonPap-000107,2026-05-05 14:50,2026-05-05 15:10,N/A,N/A
NonPap-000107-S3,NonPap-000107,2026-05-05 14:50,2026-05-05 15:10,N/A,N/A
NonPap-000108-S1,NonPap-000108,2026-05-05 15:16,2026-05-05 15:36,N/A,N/A
NonPap-000108-S2,NonPap-000108,2026-05-05 15:16,2026-05-05 15:36,N/A,N/A
NonPap-000108-S3,NonPap-000108,2026-05-05 15:16,2026-05-05 15:36,N/A,N/A
NonPap-000109-S1,NonPap-000109,2026-05-05 15:36,2026-05-05 15:56,N/A,N/A
NonPap-000109-S2,NonPap-000109,2026-05-05 15:36,2026-05-05 15:56,N/A,N/A
NonPap-000109-S3,NonPap-000109,2026-05-05 15:36,2026-05-05 15:56,N/A,N/A
NonPap-000110-S1,NonPap-000110,2026-05-05 15:38,2026-05-05 15:58,N/A,N/A
NonPap-000110-S2,NonPap-000110,2026-05-05 15:38,2026-05-05 15:58,N/A,N/A
NonPap-000110-S3,NonPap-000110,2026-05-05 15:38,2026-05-05 15:58,N/A,N/A
NonPap-000111-S1,NonPap-000111,2026-05-05 15:49,2026-05-05 16:09,N/A,N/A
NonPap-000111-S2,NonPap-000111,2026-05-05 15:49,2026-05-05 16:09,N/A,N/A
NonPap-000111-S3,NonPap-000111,2026-05-05 15:49,2026-05-05 16:09,N/A,N/A
NonPap-000112-S1,NonPap-000112,2026-05-05 15:57,2026-05-05 16:17,N/A,N/A
NonPap-000112-S2,NonPap-000112,2026-05-05 15:57,2026-05-05 16:17,N/A,N/A
NonPap-000112-S3,NonPap-000112,2026-05-05 15:57,2026-05-05 16:17,N/A,N/A
NonPap-000113-S1,NonPap-000113,2026-05-05 16:03,2026-05-05 16:23,N/A,N/A
NonPap-000113-S2,NonPap-000113,2026-05-05 16:03,2026-05-05 16:23,N/A,N/A
NonPap-000113-S3,NonPap-000113,2026-05-05 16:03,2026-05-05 16:23,N/A,N/A
Pap-000031-S1,Pap-000031,2026-05-05 16:12,2026-05-05 16:32,N/A,N/A
