parameter,value
run_timestamp,20260714_223413
simulation,cytopathology
parameters_file,/Users/varad/Desktop/Lenovo Desktop/Oxford/DPhil Cervical Cancer Scale-up/Code/real_world_sim/backend/parameters/cyto_parameters.yaml
numpy_seed,42
simulation_start_datetime,2026-05-01 08:00:00
warmup_end_datetime,2026-06-01 08:00:00
simulation_end_datetime,2027-05-01 08:00:00
warmup_duration_minutes,44640
simulation_duration_minutes,525600
---,---
project_title,GMC_Banavati_CaCx_sim
simulation.name,GMC_Banavati_CaCx_sim
simulation.duration_months,12
simulation.warmup_months,1
simulation.experiment_no,1
simulation.no_of_sims,1
pap_per_day.distribution,poisson
pap_per_day.params,[5]
pap_per_day.slide_pt_ratio,1
non_pap_per_day.distribution,poisson
non_pap_per_day.params,[20]
case_complexity.p_high,0.2
slide_pt_ratio_by_case_complexity.high,4
slide_pt_ratio_by_case_complexity.low,1
cyto_fixation_time.distribution,constant
cyto_fixation_time.params,20
cyto_staining_time.distribution,constant
cyto_staining_time.params,35
cyto_slide_screening_time.by_case_complexity.high.distribution,triangular
cyto_slide_screening_time.by_case_complexity.high.params,"[15, 20, 40]"
cyto_slide_screening_time.by_case_complexity.low.distribution,triangular
cyto_slide_screening_time.by_case_complexity.low.params,"[5, 10, 20]"
cyto_reporting_time.by_case_complexity.high.distribution,triangular
cyto_reporting_time.by_case_complexity.high.params,"[5, 15, 30]"
cyto_reporting_time.by_case_complexity.low.distribution,triangular
cyto_reporting_time.by_case_complexity.low.params,"[1, 3, 5]"
cyto_technicians.num_cytotech,3
cyto_technicians.cytotech_schedule.Timeslot_1.days,"[0, 1, 2, 3, 4, 5]"
cyto_technicians.cytotech_schedule.Timeslot_1.hours,"[9, 17]"
cyto_technicians.cytotech_schedule.Timeslot_2.days,[6]
cyto_technicians.cytotech_schedule.Timeslot_2.hours,"[9, 13]"
junior_pathologist.num_junior_pathologist,5
junior_pathologist.junior_pathologist_schedule.Timeslot_1.days,"[0, 1, 2, 3, 4, 5]"
junior_pathologist.junior_pathologist_schedule.Timeslot_1.hours,"[17, 19]"
junior_pathologist.junior_pathologist_schedule.Timeslot_2.days,[5]
junior_pathologist.junior_pathologist_schedule.Timeslot_2.hours,"[13, 15]"
senior_pathologists.num_senior_pathologist,3
senior_pathologists.repeat_stain_rate,0.05
senior_pathologists.senior_pathologist_schedule.Timeslot_1.days,"[0, 1, 2, 3, 4, 5]"
senior_pathologists.senior_pathologist_schedule.Timeslot_1.hours,"[10, 14]"
senior_pathologists.senior_pathologist_schedule.Timeslot_2.days,[6]
senior_pathologists.senior_pathologist_schedule.Timeslot_2.hours,"[10, 12]"
cyto_manual_staining_station.num_stations,1
cyto_manual_staining_station.batch_size,5
cyto_manual_staining_station.error_rate,0.01
cyto_manual_staining_station.reagent_per_slide,1
repeat_staining.max_attempts,2
cyto_staining_kits.num_kits,500000
cyto_staining_kits.stain_per_kit,100
cyto_staining_kits.reagent_per_slide,0.1
