Patient ID,Type,Arrival,Num slides,Biopsy size,Case complexity,Fixation Queue,Fixation Start,Fixation End,Grossing Queue,Grossing Start,Grossing End,Screening Queue,Screening Start,Screening End,Screening Duration (min),Reporting Queue,Reporting Start,Reporting End,Completed
Cerv-000001,cervical_biopsy,2026-05-01 09:00,1,small,high,2026-05-01 09:00,2026-05-01 09:00,2026-05-01 15:00,2026-05-01 15:00,2026-05-01 15:00,2026-05-01 15:10,2026-05-11 09:35,2026-05-11 17:00,2026-05-11 17:34,34.1,2026-05-11 17:34,2026-05-12 10:09,2026-05-12 10:48,Yes
Cerv-000002,cervical_biopsy,2026-05-01 15:22,1,small,low,2026-05-01 15:22,2026-05-01 15:22,2026-05-01 21:22,2026-05-01 21:22,2026-05-02 09:30,2026-05-02 09:40,2026-05-13 11:43,2026-05-13 17:00,2026-05-13 17:22,22.87,2026-05-13 17:22,2026-05-14 10:00,2026-05-14 10:10,Yes
Cerv-000003,cervical_biopsy,2026-05-02 09:00,1,small,low,2026-05-02 09:00,2026-05-02 09:00,2026-05-02 15:00,2026-05-02 15:00,2026-05-04 09:30,2026-05-04 09:40,2026-05-11 09:35,2026-05-11 18:03,2026-05-11 18:14,11.74,2026-05-11 18:14,2026-05-12 10:44,2026-05-12 10:52,Yes
Cerv-000004,cervical_biopsy,2026-05-02 14:32,1,small,high,2026-05-02 14:32,2026-05-02 14:32,2026-05-02 20:32,2026-05-02 20:32,2026-05-04 09:00,2026-05-04 09:10,2026-05-11 09:35,2026-05-11 17:43,2026-05-11 18:13,29.63,2026-05-11 18:13,2026-05-12 10:39,2026-05-12 11:48,Yes
Cerv-000005,cervical_biopsy,2026-05-02 16:49,1,small,low,2026-05-02 16:49,2026-05-02 16:49,2026-05-02 22:49,2026-05-02 22:49,2026-05-04 09:10,2026-05-04 09:20,2026-05-12 12:01,2026-05-12 17:00,2026-05-12 17:23,23.23,2026-05-12 17:23,2026-05-13 10:00,2026-05-13 10:09,Yes
Cerv-000006,cervical_biopsy,2026-05-03 09:00,1,small,low,2026-05-03 09:00,2026-05-03 09:00,2026-05-03 15:00,2026-05-03 15:00,2026-05-04 09:40,2026-05-04 09:50,2026-05-12 12:01,2026-05-12 17:00,2026-05-12 17:19,19.48,2026-05-12 17:19,2026-05-13 10:00,2026-05-13 10:09,Yes
Cerv-000007,cervical_biopsy,2026-05-03 14:56,1,small,low,2026-05-03 14:56,2026-05-03 14:56,2026-05-03 20:56,2026-05-03 20:56,2026-05-04 09:10,2026-05-04 09:20,2026-05-11 09:35,2026-05-11 17:45,2026-05-11 18:03,17.22,2026-05-11 18:03,2026-05-12 10:29,2026-05-12 10:44,Yes
Cerv-000008,cervical_biopsy,2026-05-04 09:00,1,small,low,2026-05-04 09:00,2026-05-04 09:00,2026-05-04 15:00,2026-05-04 15:00,2026-05-04 15:00,2026-05-04 15:10,2026-05-11 10:10,2026-05-11 18:19,2026-05-11 18:46,26.61,2026-05-11 18:46,2026-05-12 11:12,2026-05-12 11:24,Yes
Cerv-000009,cervical_biopsy,2026-05-04 09:06,1,small,low,2026-05-04 09:06,2026-05-04 09:06,2026-05-04 15:06,2026-05-04 15:06,2026-05-04 15:10,2026-05-04 15:20,2026-05-11 10:10,2026-05-11 18:25,2026-05-11 18:43,18.62,2026-05-11 18:43,2026-05-12 11:10,2026-05-12 11:17,Yes
Cerv-000010,cervical_biopsy,2026-05-04 16:05,1,small,low,2026-05-04 16:05,2026-05-04 16:05,2026-05-04 22:05,2026-05-04 22:05,2026-05-05 09:00,2026-05-05 09:10,2026-05-11 10:10,2026-05-11 18:29,2026-05-11 18:44,15.02,2026-05-11 18:44,2026-05-12 11:12,2026-05-12 11:22,Yes
Cerv-000011,cervical_biopsy,2026-05-05 09:00,1,small,low,2026-05-05 09:00,2026-05-05 09:00,2026-05-05 15:00,2026-05-05 15:00,2026-05-05 15:00,2026-05-05 15:10,2026-05-11 10:10,2026-05-11 18:51,2026-05-11 19:11,20.03,2026-05-11 19:11,2026-05-12 11:28,2026-05-12 11:38,Yes
Cerv-000012,cervical_biopsy,2026-05-06 09:00,1,small,low,2026-05-06 09:00,2026-05-06 09:00,2026-05-06 15:00,2026-05-06 15:00,2026-05-06 15:00,2026-05-06 15:10,2026-05-11 10:45,2026-05-11 19:34,2026-05-11 19:45,11.37,2026-05-11 19:45,2026-05-12 11:57,2026-05-12 12:15,Yes
Cerv-000013,cervical_biopsy,2026-05-07 09:00,1,small,low,2026-05-07 09:00,2026-05-07 09:00,2026-05-07 15:00,2026-05-07 15:00,2026-05-07 15:00,2026-05-07 15:10,2026-05-11 10:45,2026-05-11 19:54,2026-05-11 20:14,19.97,2026-05-11 20:14,2026-05-12 12:26,2026-05-12 12:38,Yes
Cerv-000014,cervical_biopsy,2026-05-07 16:38,1,small,low,2026-05-07 16:38,2026-05-07 16:38,2026-05-07 22:38,2026-05-07 22:38,2026-05-08 09:00,2026-05-08 09:10,2026-05-11 10:45,2026-05-11 20:08,2026-05-11 20:28,19.64,2026-05-11 20:28,2026-05-12 12:34,2026-05-12 12:46,Yes
Cerv-000015,cervical_biopsy,2026-05-08 09:00,1,small,low,2026-05-08 09:00,2026-05-08 09:00,2026-05-08 15:00,2026-05-08 15:00,2026-05-08 15:00,2026-05-08 15:10,2026-05-12 11:08,2026-05-12 17:33,2026-05-12 17:49,16.39,2026-05-12 17:49,2026-05-13 10:16,2026-05-13 10:28,Yes
Cerv-000016,cervical_biopsy,2026-05-08 09:04,1,small,low,2026-05-08 09:04,2026-05-08 09:04,2026-05-08 15:04,2026-05-08 15:04,2026-05-08 15:10,2026-05-08 15:20,2026-05-16 11:23,2026-05-16 13:18,2026-05-16 13:35,16.97,2026-05-16 13:35,2026-05-18 10:09,2026-05-18 10:16,Yes
Cerv-000017,cervical_biopsy,2026-05-08 09:55,1,small,low,2026-05-08 09:55,2026-05-08 09:55,2026-05-08 15:55,2026-05-08 15:55,2026-05-08 15:55,2026-05-08 16:05,2026-05-12 11:08,2026-05-12 17:40,2026-05-12 18:05,24.38,2026-05-12 18:05,2026-05-13 10:28,2026-05-13 10:33,Yes
Cerv-000018,cervical_biopsy,2026-05-08 11:43,1,small,low,2026-05-08 11:43,2026-05-08 11:43,2026-05-08 17:43,2026-05-08 17:43,2026-05-09 09:10,2026-05-09 09:20,2026-05-12 11:08,2026-05-12 17:44,2026-05-12 18:11,27.93,2026-05-12 18:11,2026-05-13 10:33,2026-05-13 10:42,Yes
Cerv-000019,cervical_biopsy,2026-05-09 09:00,10,medium,low,2026-05-09 09:00,2026-05-09 09:00,2026-05-09 21:00,2026-05-09 21:00,2026-05-11 09:30,2026-05-11 10:00,2026-05-16 12:13,2026-05-16 13:22,2026-05-16 13:40,18.3,2026-05-16 13:40,2026-05-18 10:11,2026-05-18 10:23,Yes
Cerv-000020,cervical_biopsy,2026-05-09 10:07,1,small,low,2026-05-09 10:07,2026-05-09 10:07,2026-05-09 16:07,2026-05-09 16:07,2026-05-11 10:10,2026-05-11 10:20,2026-05-15 14:43,2026-05-15 17:51,2026-05-15 18:06,14.68,2026-05-15 18:06,2026-05-16 10:32,2026-05-16 10:47,Yes
Cerv-000021,cervical_biopsy,2026-05-09 16:51,1,small,low,2026-05-09 16:51,2026-05-09 16:51,2026-05-09 22:51,2026-05-09 22:51,2026-05-11 10:20,2026-05-11 10:30,2026-05-16 12:13,2026-05-16 13:35,2026-05-16 13:54,18.75,2026-05-16 13:54,2026-05-18 10:17,2026-05-18 10:28,Yes
Cerv-000022,cervical_biopsy,2026-05-10 09:00,1,small,low,2026-05-10 09:00,2026-05-10 09:00,2026-05-10 15:00,2026-05-10 15:00,2026-05-11 09:50,2026-05-11 10:00,2026-05-15 14:43,2026-05-15 17:37,2026-05-15 17:56,19.41,2026-05-15 17:56,2026-05-16 10:22,2026-05-16 10:37,Yes
Cerv-000023,cervical_biopsy,2026-05-11 09:00,1,small,low,2026-05-11 09:00,2026-05-11 09:00,2026-05-11 15:00,2026-05-11 15:00,2026-05-11 15:00,2026-05-11 15:10,2026-05-16 12:13,2026-05-16 13:35,2026-05-16 13:56,20.05,2026-05-16 13:56,2026-05-18 10:20,2026-05-18 10:28,Yes
Cerv-000024,cervical_biopsy,2026-05-11 09:39,1,small,low,2026-05-11 09:39,2026-05-11 09:39,2026-05-11 15:39,2026-05-11 15:39,2026-05-11 15:39,2026-05-11 15:49,2026-05-21 11:13,2026-05-21 17:27,2026-05-21 17:44,17.02,2026-05-21 17:44,2026-05-22 10:16,2026-05-22 10:24,Yes
Cerv-000025,cervical_biopsy,2026-05-11 10:31,1,small,low,2026-05-11 10:31,2026-05-11 10:31,2026-05-11 16:31,2026-05-11 16:31,2026-05-11 16:31,2026-05-11 16:41,2026-05-15 14:43,2026-05-15 18:13,2026-05-15 18:35,21.2,2026-05-15 18:35,2026-05-16 10:52,2026-05-16 11:01,Yes
Cerv-000026,cervical_biopsy,2026-05-12 09:00,1,small,low,2026-05-12 09:00,2026-05-12 09:00,2026-05-12 15:00,2026-05-12 15:00,2026-05-12 15:00,2026-05-12 15:10,2026-05-15 15:18,2026-05-15 18:29,2026-05-15 18:48,18.52,2026-05-15 18:48,2026-05-16 11:01,2026-05-16 11:13,Yes
Cerv-000027,cervical_biopsy,2026-05-12 10:54,1,small,low,2026-05-12 10:54,2026-05-12 10:54,2026-05-12 16:54,2026-05-12 16:54,2026-05-13 09:10,2026-05-13 09:20,2026-05-21 11:13,2026-05-21 17:29,2026-05-21 17:45,16.41,2026-05-21 17:45,2026-05-22 10:22,2026-05-22 10:36,Yes
Cerv-000028,cervical_biopsy,2026-05-12 12:06,1,small,low,2026-05-12 12:06,2026-05-12 12:06,2026-05-12 18:06,2026-05-12 18:06,2026-05-13 09:30,2026-05-13 09:40,2026-05-15 15:18,2026-05-15 18:49,2026-05-15 19:09,19.78,2026-05-15 19:09,2026-05-16 11:22,2026-05-16 11:38,Yes
Cerv-000029,cervical_biopsy,2026-05-13 09:00,1,small,low,2026-05-13 09:00,2026-05-13 09:00,2026-05-13 15:00,2026-05-13 15:00,2026-05-13 15:00,2026-05-13 15:10,2026-05-15 15:18,2026-05-15 19:05,2026-05-15 19:22,16.57,2026-05-15 19:22,2026-05-16 11:26,2026-05-16 11:34,Yes
Cerv-000030,cervical_biopsy,2026-05-14 09:00,10,medium,low,2026-05-14 09:00,2026-05-14 09:00,2026-05-14 21:00,2026-05-14 21:00,2026-05-15 09:00,2026-05-15 09:30,2026-05-20 14:08,2026-05-20 17:19,2026-05-20 17:39,19.59,2026-05-20 17:39,2026-05-21 10:14,2026-05-21 10:21,Yes
Cerv-000031,cervical_biopsy,2026-05-15 09:00,1,small,low,2026-05-15 09:00,2026-05-15 09:00,2026-05-15 15:00,2026-05-15 15:00,2026-05-15 15:00,2026-05-15 15:10,2026-05-20 14:08,2026-05-20 17:25,2026-05-20 17:51,25.49,2026-05-20 17:51,2026-05-21 10:20,2026-05-21 10:29,Yes
Cerv-000032,cervical_biopsy,2026-05-16 09:00,10,medium,low,2026-05-16 09:00,2026-05-16 09:00,2026-05-16 21:00,2026-05-16 21:00,2026-05-18 10:00,2026-05-18 10:30,2026-05-20 15:18,2026-05-20 18:39,2026-05-20 18:58,18.96,2026-05-20 18:58,2026-05-21 11:05,2026-05-21 11:22,Yes
Cerv-000033,cervical_biopsy,2026-05-17 09:00,1,small,low,2026-05-17 09:00,2026-05-17 09:00,2026-05-17 15:00,2026-05-17 15:00,2026-05-18 10:00,2026-05-18 10:10,2026-05-22 11:29,2026-05-22 17:00,2026-05-22 17:23,23.06,2026-05-22 17:23,2026-05-23 10:00,2026-05-23 10:09,Yes
Cerv-000034,cervical_biopsy,2026-05-17 11:37,10,medium,low,2026-05-17 11:37,2026-05-17 11:37,2026-05-17 23:37,2026-05-17 23:37,2026-05-18 09:30,2026-05-18 10:00,2026-05-21 12:08,2026-05-21 17:44,2026-05-21 18:01,16.72,2026-05-21 18:01,2026-05-22 10:24,2026-05-22 10:35,Yes
Cerv-000035,cervical_biopsy,2026-05-17 12:50,1,small,low,2026-05-17 12:50,2026-05-17 12:50,2026-05-17 18:50,2026-05-17 18:50,2026-05-18 09:30,2026-05-18 09:40,2026-05-20 14:43,2026-05-20 18:23,2026-05-20 18:40,17.14,2026-05-20 18:40,2026-05-21 10:56,2026-05-21 11:06,Yes
Cerv-000036,cervical_biopsy,2026-05-17 12:59,1,small,low,2026-05-17 12:59,2026-05-17 12:59,2026-05-17 18:59,2026-05-17 18:59,2026-05-18 09:40,2026-05-18 09:50,2026-05-20 14:43,2026-05-20 18:29,2026-05-20 18:45,15.12,2026-05-20 18:45,2026-05-21 10:58,2026-05-21 11:09,Yes
Cerv-000037,cervical_biopsy,2026-05-18 09:00,1,small,low,2026-05-18 09:00,2026-05-18 09:00,2026-05-18 15:00,2026-05-18 15:00,2026-05-18 15:00,2026-05-18 15:10,2026-05-21 11:13,2026-05-21 17:00,2026-05-21 17:23,23.37,2026-05-21 17:23,2026-05-22 10:00,2026-05-22 10:05,Yes
Cerv-000038,cervical_biopsy,2026-05-19 09:00,1,small,low,2026-05-19 09:00,2026-05-19 09:00,2026-05-19 15:00,2026-05-19 15:00,2026-05-19 15:00,2026-05-19 15:10,2026-05-27 13:35,2026-05-27 17:00,2026-05-27 17:14,14.81,2026-05-27 17:14,2026-05-28 10:00,2026-05-28 10:10,Yes
Cerv-000039,cervical_biopsy,2026-05-19 09:19,1,small,low,2026-05-19 09:19,2026-05-19 09:19,2026-05-19 15:19,2026-05-19 15:19,2026-05-19 15:19,2026-05-19 15:29,2026-05-30 09:35,2026-05-30 13:00,2026-05-30 13:17,17.49,2026-05-30 13:17,2026-05-29 10:25,2026-05-29 10:33,Yes
Cerv-000040,cervical_biopsy,2026-05-19 09:26,1,small,low,2026-05-19 09:26,2026-05-19 09:26,2026-05-19 15:26,2026-05-19 15:26,2026-05-19 15:26,2026-05-19 15:36,2026-05-27 13:35,2026-05-27 17:14,2026-05-27 17:29,14.39,2026-05-27 17:29,2026-05-28 10:09,2026-05-28 10:21,Yes
Cerv-000041,cervical_biopsy,2026-05-19 10:48,1,small,low,2026-05-19 10:48,2026-05-19 10:48,2026-05-19 16:48,2026-05-19 16:48,2026-05-19 16:48,2026-05-19 16:58,2026-05-27 13:35,2026-05-27 17:24,2026-05-27 17:43,18.59,2026-05-27 17:43,2026-05-28 10:19,2026-05-28 10:33,Yes
Cerv-000042,cervical_biopsy,2026-05-20 09:00,10,medium,low,2026-05-20 09:00,2026-05-20 09:00,2026-05-20 21:00,2026-05-20 21:00,2026-05-21 09:10,2026-05-21 09:40,2026-05-27 14:10,2026-05-27 17:51,2026-05-27 18:07,16.73,2026-05-27 18:07,2026-05-28 10:33,2026-05-28 10:51,Yes
Cerv-000043,cervical_biopsy,2026-05-20 11:53,1,small,low,2026-05-20 11:53,2026-05-20 11:53,2026-05-20 17:53,2026-05-20 17:53,2026-05-21 09:20,2026-05-21 09:30,2026-05-27 13:35,2026-05-27 17:50,2026-05-27 18:19,28.96,2026-05-27 18:19,2026-05-28 10:37,2026-05-28 10:48,Yes
Cerv-000044,cervical_biopsy,2026-05-21 09:00,10,medium,low,2026-05-21 09:00,2026-05-21 09:00,2026-05-21 21:00,2026-05-21 21:00,2026-05-22 09:20,2026-05-22 09:50,2026-05-27 14:10,2026-05-27 18:20,2026-05-27 18:43,23.61,2026-05-27 18:43,2026-05-28 10:59,2026-05-28 11:07,Yes
Cerv-000045,cervical_biopsy,2026-05-21 11:50,1,small,low,2026-05-21 11:50,2026-05-21 11:50,2026-05-21 17:50,2026-05-21 17:50,2026-05-22 09:10,2026-05-22 09:20,2026-05-27 14:10,2026-05-27 18:11,2026-05-27 18:30,19.06,2026-05-27 18:30,2026-05-28 10:51,2026-05-28 11:03,Yes
Cerv-000046,cervical_biopsy,2026-05-22 09:00,1,small,low,2026-05-22 09:00,2026-05-22 09:00,2026-05-22 15:00,2026-05-22 15:00,2026-05-22 15:00,2026-05-22 15:10,2026-05-27 14:10,2026-05-27 18:21,2026-05-27 18:47,26.4,2026-05-27 18:47,2026-05-28 11:01,2026-05-28 11:13,Yes
Cerv-000047,cervical_biopsy,2026-05-23 09:00,1,small,low,2026-05-23 09:00,2026-05-23 09:00,2026-05-23 15:00,2026-05-23 15:00,2026-05-25 09:30,2026-05-25 09:40,2026-05-27 14:45,2026-05-27 18:58,2026-05-27 19:12,14.08,2026-05-27 19:12,2026-05-28 11:21,2026-05-28 11:27,Yes
Cerv-000048,cervical_biopsy,2026-05-23 11:49,1,small,low,2026-05-23 11:49,2026-05-23 11:49,2026-05-23 17:49,2026-05-23 17:49,2026-05-25 09:10,2026-05-25 09:20,2026-05-27 14:45,2026-05-27 18:43,2026-05-27 18:59,15.39,2026-05-27 18:59,2026-05-28 11:07,2026-05-28 11:21,Yes
Cerv-000049,cervical_biopsy,2026-05-24 09:00,1,small,low,2026-05-24 09:00,2026-05-24 09:00,2026-05-24 15:00,2026-05-24 15:00,2026-05-25 09:40,2026-05-25 09:50,2026-05-29 11:17,2026-05-29 17:00,2026-05-29 17:21,21.76,2026-05-29 17:21,2026-05-30 10:00,2026-05-30 10:07,Yes
Cerv-000050,cervical_biopsy,2026-05-24 10:31,1,small,low,2026-05-24 10:31,2026-05-24 10:31,2026-05-24 16:31,2026-05-24 16:31,2026-05-25 09:00,2026-05-25 09:10,2026-05-28 12:43,2026-05-28 17:44,2026-05-28 17:57,12.73,2026-05-28 17:57,2026-05-29 10:33,2026-05-29 10:42,Yes
Cerv-000051,cervical_biopsy,2026-05-24 15:34,1,small,low,2026-05-24 15:34,2026-05-24 15:34,2026-05-24 21:34,2026-05-24 21:34,2026-05-25 10:30,2026-05-25 10:40,2026-05-29 11:17,2026-05-29 17:00,2026-05-29 17:23,23.98,2026-05-29 17:23,2026-05-30 10:00,2026-05-30 10:10,Yes
Cerv-000052,cervical_biopsy,2026-05-25 09:00,1,small,low,2026-05-25 09:00,2026-05-25 09:00,2026-05-25 15:00,2026-05-25 15:00,2026-05-25 15:00,2026-05-25 15:10,2026-05-29 11:17,2026-05-29 17:00,2026-05-29 17:23,23.51,2026-05-29 17:23,2026-05-30 10:00,2026-05-30 10:09,Yes
Cerv-000053,cervical_biopsy,2026-05-25 13:31,1,small,low,2026-05-25 13:31,2026-05-25 13:31,2026-05-25 19:31,2026-05-25 19:31,2026-05-26 09:00,2026-05-26 09:10,2026-05-28 11:03,2026-05-28 17:20,2026-05-28 17:38,17.95,2026-05-28 17:38,2026-05-29 10:13,2026-05-29 10:25,Yes
Cerv-000054,cervical_biopsy,2026-05-26 09:00,1,small,low,2026-05-26 09:00,2026-05-26 09:00,2026-05-26 15:00,2026-05-26 15:00,2026-05-26 15:00,2026-05-26 15:10,2026-05-30 10:10,2026-05-30 13:00,2026-05-30 13:16,16.24,2026-05-30 13:16,N/A,N/A,No
Cerv-000055,cervical_biopsy,2026-05-27 09:00,1,small,low,2026-05-27 09:00,2026-05-27 09:00,2026-05-27 15:00,2026-05-27 15:00,2026-05-27 15:00,2026-05-27 15:10,2026-05-30 10:45,2026-05-30 13:25,2026-05-30 13:46,20.32,2026-05-30 13:46,N/A,N/A,No
Cerv-000056,cervical_biopsy,2026-05-27 09:28,1,small,high,2026-05-27 09:28,2026-05-27 09:28,2026-05-27 15:28,2026-05-27 15:28,2026-05-27 15:28,2026-05-27 15:38,2026-05-30 10:45,2026-05-30 13:35,2026-05-30 14:06,31.19,2026-05-30 14:06,N/A,N/A,No
Cerv-000057,cervical_biopsy,2026-05-27 10:08,1,small,low,2026-05-27 10:08,2026-05-27 10:08,2026-05-27 16:08,2026-05-27 16:08,2026-05-27 16:08,2026-05-27 16:18,2026-05-30 10:45,2026-05-30 13:38,2026-05-30 14:01,22.86,2026-05-30 14:01,N/A,N/A,No
Cerv-000058,cervical_biopsy,2026-05-28 09:00,1,small,low,2026-05-28 09:00,2026-05-28 09:00,2026-05-28 15:00,2026-05-28 15:00,2026-05-28 15:00,2026-05-28 15:10,2026-05-30 11:20,2026-05-30 14:08,2026-05-30 14:32,24.01,2026-05-30 14:32,N/A,N/A,No
Cerv-000059,cervical_biopsy,2026-05-29 09:00,1,small,low,2026-05-29 09:00,2026-05-29 09:00,2026-05-29 15:00,2026-05-29 15:00,2026-05-29 15:00,2026-05-29 15:10,N/A,N/A,N/A,N/A,N/A,N/A,N/A,No
Cerv-000060,cervical_biopsy,2026-05-29 16:13,1,small,low,2026-05-29 16:13,2026-05-29 16:13,2026-05-29 22:13,2026-05-29 22:13,2026-05-30 09:20,2026-05-30 09:30,N/A,N/A,N/A,N/A,N/A,N/A,N/A,No
Cerv-000061,cervical_biopsy,2026-05-30 09:00,1,small,low,2026-05-30 09:00,2026-05-30 09:00,2026-05-30 15:00,2026-05-30 15:00,N/A,N/A,N/A,N/A,N/A,N/A,N/A,N/A,N/A,No
Cerv-000062,cervical_biopsy,2026-05-30 11:53,1,small,high,2026-05-30 11:53,2026-05-30 11:53,2026-05-30 17:53,2026-05-30 17:53,N/A,N/A,N/A,N/A,N/A,N/A,N/A,N/A,N/A,No
Cerv-000063,cervical_biopsy,2026-05-31 09:00,1,small,low,2026-05-31 09:00,2026-05-31 09:00,2026-05-31 15:00,2026-05-31 15:00,N/A,N/A,N/A,N/A,N/A,N/A,N/A,N/A,N/A,No
NonCerv-000001,non_cervical_biopsy,2026-05-01 09:00,1,small,low,2026-05-01 09:00,2026-05-01 09:00,2026-05-01 15:00,2026-05-01 15:00,2026-05-01 15:00,2026-05-01 15:10,2026-05-15 13:33,2026-05-15 17:00,2026-05-15 17:17,17.68,2026-05-15 17:17,2026-05-16 10:00,2026-05-16 10:09,Yes
NonCerv-000002,non_cervical_biopsy,2026-05-01 09:38,1,small,low,2026-05-01 09:38,2026-05-01 09:38,2026-05-01 15:38,2026-05-01 15:38,2026-05-01 15:38,2026-05-01 15:48,2026-05-11 09:35,2026-05-11 17:00,2026-05-11 17:22,22.7,2026-05-11 17:22,2026-05-12 10:00,2026-05-12 10:09,Yes
NonCerv-000003,non_cervical_biopsy,2026-05-01 10:12,1,small,low,2026-05-01 10:12,2026-05-01 10:12,2026-05-01 16:12,2026-05-01 16:12,2026-05-01 16:12,2026-05-01 16:22,2026-05-11 09:35,2026-05-11 17:00,2026-05-11 17:25,25.01,2026-05-11 17:25,2026-05-12 10:00,2026-05-12 10:10,Yes
NonCerv-000004,non_cervical_biopsy,2026-05-01 11:24,1,small,low,2026-05-01 11:24,2026-05-01 11:24,2026-05-01 17:24,2026-05-01 17:24,2026-05-02 09:10,2026-05-02 09:20,2026-05-11 09:35,2026-05-11 17:22,2026-05-11 17:36,13.83,2026-05-11 17:36,2026-05-12 10:10,2026-05-12 10:25,Yes
NonCerv-000005,non_cervical_biopsy,2026-05-01 11:44,1,small,low,2026-05-01 11:44,2026-05-01 11:44,2026-05-01 17:44,2026-05-01 17:44,2026-05-02 09:20,2026-05-02 09:30,2026-05-11 09:35,2026-05-11 17:24,2026-05-11 17:45,21.32,2026-05-11 17:45,2026-05-12 10:23,2026-05-12 10:35,Yes
NonCerv-000006,non_cervical_biopsy,2026-05-01 12:50,1,small,low,2026-05-01 12:50,2026-05-01 12:50,2026-05-01 18:50,2026-05-01 18:50,2026-05-02 09:00,2026-05-02 09:10,2026-05-11 09:35,2026-05-11 17:00,2026-05-11 17:24,24.56,2026-05-11 17:24,2026-05-12 10:00,2026-05-12 10:15,Yes
NonCerv-000007,non_cervical_biopsy,2026-05-01 13:57,1,small,low,2026-05-01 13:57,2026-05-01 13:57,2026-05-01 19:57,2026-05-01 19:57,2026-05-02 09:30,2026-05-02 09:40,2026-05-11 09:35,2026-05-11 17:34,2026-05-11 17:59,25.38,2026-05-11 17:59,2026-05-12 10:23,2026-05-12 10:33,Yes
NonCerv-000008,non_cervical_biopsy,2026-05-01 14:07,1,small,low,2026-05-01 14:07,2026-05-01 14:07,2026-05-01 20:07,2026-05-01 20:07,2026-05-02 09:10,2026-05-02 09:20,2026-05-12 11:08,2026-05-12 17:49,2026-05-12 18:13,23.26,2026-05-12 18:13,2026-05-13 10:40,2026-05-13 10:51,Yes
NonCerv-000009,non_cervical_biopsy,2026-05-01 14:31,1,small,low,2026-05-01 14:31,2026-05-01 14:31,2026-05-01 20:31,2026-05-01 20:31,2026-05-02 09:20,2026-05-02 09:30,2026-05-11 09:35,2026-05-11 17:25,2026-05-11 17:43,18.4,2026-05-11 17:43,2026-05-12 10:12,2026-05-12 10:23,Yes
NonCerv-000010,non_cervical_biopsy,2026-05-01 15:13,1,small,low,2026-05-01 15:13,2026-05-01 15:13,2026-05-01 21:13,2026-05-01 21:13,2026-05-02 09:40,2026-05-02 09:50,2026-05-11 09:35,2026-05-11 17:36,2026-05-11 18:00,24.08,2026-05-11 18:00,2026-05-12 10:25,2026-05-12 10:39,Yes
NonCerv-000011,non_cervical_biopsy,2026-05-01 16:51,1,small,low,2026-05-01 16:51,2026-05-01 16:51,2026-05-01 22:51,2026-05-01 22:51,2026-05-02 09:00,2026-05-02 09:10,2026-05-11 09:35,2026-05-11 17:00,2026-05-11 17:26,26.89,2026-05-11 17:26,2026-05-12 10:00,2026-05-12 10:12,Yes
NonCerv-000012,non_cervical_biopsy,2026-05-02 09:00,1,small,low,2026-05-02 09:00,2026-05-02 09:00,2026-05-02 15:00,2026-05-02 15:00,2026-05-04 09:30,2026-05-04 09:40,2026-05-11 09:35,2026-05-11 18:03,2026-05-11 18:28,25.37,2026-05-11 18:28,2026-05-12 10:56,2026-05-12 11:10,Yes
NonCerv-000013,non_cervical_biopsy,2026-05-02 10:20,1,small,low,2026-05-02 10:20,2026-05-02 10:20,2026-05-02 16:20,2026-05-02 16:20,2026-05-04 09:50,2026-05-04 10:00,2026-05-12 13:17,2026-05-12 17:00,2026-05-12 17:22,22.21,2026-05-12 17:22,2026-05-13 10:00,2026-05-13 10:13,Yes
NonCerv-000014,non_cervical_biopsy,2026-05-02 12:44,1,small,low,2026-05-02 12:44,2026-05-02 12:44,2026-05-02 18:44,2026-05-02 18:44,2026-05-04 09:20,2026-05-04 09:30,2026-05-11 09:35,2026-05-11 18:00,2026-05-11 18:19,19.35,2026-05-11 18:19,2026-05-12 10:48,2026-05-12 11:03,Yes
NonCerv-000015,non_cervical_biopsy,2026-05-02 13:59,1,small,low,2026-05-02 13:59,2026-05-02 13:59,2026-05-02 19:59,2026-05-02 19:59,2026-05-04 09:20,2026-05-04 09:30,2026-05-13 11:43,2026-05-13 17:00,2026-05-13 17:11,11.06,2026-05-13 17:11,2026-05-14 10:00,2026-05-14 10:18,Yes
NonCerv-000016,non_cervical_biopsy,2026-05-03 09:00,1,small,low,2026-05-03 09:00,2026-05-03 09:00,2026-05-03 15:00,2026-05-03 15:00,2026-05-04 09:40,2026-05-04 09:50,2026-05-11 09:35,2026-05-11 18:12,2026-05-11 18:25,12.41,2026-05-11 18:25,2026-05-12 10:52,2026-05-12 11:00,Yes
NonCerv-000017,non_cervical_biopsy,2026-05-03 11:19,1,small,high,2026-05-03 11:19,2026-05-03 11:19,2026-05-03 17:19,2026-05-03 17:19,2026-05-04 09:00,2026-05-04 09:10,2026-05-12 12:01,2026-05-12 17:00,2026-05-12 17:35,35.84,2026-05-12 17:35,2026-05-13 10:09,2026-05-13 10:40,Yes
NonCerv-000018,non_cervical_biopsy,2026-05-04 09:00,1,small,low,2026-05-04 09:00,2026-05-04 09:00,2026-05-04 15:00,2026-05-04 15:00,2026-05-04 15:00,2026-05-04 15:10,2026-05-11 09:35,2026-05-11 18:18,2026-05-11 18:34,16.28,2026-05-11 18:34,2026-05-12 11:04,2026-05-12 11:13,Yes
NonCerv-000019,non_cervical_biopsy,2026-05-04 11:51,1,small,low,2026-05-04 11:51,2026-05-04 11:51,2026-05-04 17:51,2026-05-04 17:51,2026-05-05 09:10,2026-05-05 09:20,2026-05-12 13:17,2026-05-12 17:14,2026-05-12 17:33,18.8,2026-05-12 17:33,2026-05-13 10:09,2026-05-13 10:16,Yes
NonCerv-000020,non_cervical_biopsy,2026-05-04 12:38,1,small,low,2026-05-04 12:38,2026-05-04 12:38,2026-05-04 18:38,2026-05-04 18:38,2026-05-05 09:20,2026-05-05 09:30,2026-05-11 10:10,2026-05-11 18:44,2026-05-11 19:01,17.58,2026-05-11 19:01,2026-05-12 11:24,2026-05-12 11:39,Yes
NonCerv-000021,non_cervical_biopsy,2026-05-04 13:19,1,small,low,2026-05-04 13:19,2026-05-04 13:19,2026-05-04 19:19,2026-05-04 19:19,2026-05-05 09:00,2026-05-05 09:10,2026-05-11 10:10,2026-05-11 18:28,2026-05-11 18:51,22.64,2026-05-11 18:51,2026-05-12 11:17,2026-05-12 11:28,Yes
NonCerv-000022,non_cervical_biopsy,2026-05-04 13:31,1,small,high,2026-05-04 13:31,2026-05-04 13:31,2026-05-04 19:31,2026-05-04 19:31,2026-05-05 09:30,2026-05-05 09:40,2026-05-11 10:10,2026-05-11 18:48,2026-05-11 19:20,31.85,2026-05-11 19:20,2026-05-12 11:39,2026-05-12 12:30,Yes
NonCerv-000023,non_cervical_biopsy,2026-05-04 15:40,1,small,low,2026-05-04 15:40,2026-05-04 15:40,2026-05-04 21:40,2026-05-04 21:40,2026-05-05 09:10,2026-05-05 09:20,2026-05-11 10:10,2026-05-11 18:34,2026-05-11 18:59,25.13,2026-05-11 18:59,2026-05-12 11:22,2026-05-12 11:37,Yes
NonCerv-000024,non_cervical_biopsy,2026-05-04 16:31,1,small,low,2026-05-04 16:31,2026-05-04 16:31,2026-05-04 22:31,2026-05-04 22:31,2026-05-05 09:30,2026-05-05 09:40,2026-05-13 11:43,2026-05-13 17:00,2026-05-13 17:16,16.97,2026-05-13 17:16,2026-05-14 10:00,2026-05-14 10:13,Yes
NonCerv-000025,non_cervical_biopsy,2026-05-04 16:45,1,small,low,2026-05-04 16:45,2026-05-04 16:45,2026-05-04 22:45,2026-05-04 22:45,2026-05-05 09:20,2026-05-05 09:30,2026-05-11 10:10,2026-05-11 18:43,2026-05-11 19:09,25.6,2026-05-11 19:09,2026-05-12 11:25,2026-05-12 11:33,Yes
NonCerv-000026,non_cervical_biopsy,2026-05-05 09:00,1,small,low,2026-05-05 09:00,2026-05-05 09:00,2026-05-05 15:00,2026-05-05 15:00,2026-05-05 15:00,2026-05-05 15:10,2026-05-11 10:10,2026-05-11 18:59,2026-05-11 19:18,18.69,2026-05-11 19:18,2026-05-12 11:37,2026-05-12 11:49,Yes
NonCerv-000027,non_cervical_biopsy,2026-05-05 09:29,10,medium,low,2026-05-05 09:29,2026-05-05 09:29,2026-05-05 21:29,2026-05-05 21:29,2026-05-06 09:00,2026-05-06 09:30,2026-05-15 13:33,2026-05-15 17:00,2026-05-15 17:19,19.41,2026-05-15 17:19,2026-05-16 10:00,2026-05-16 10:13,Yes
NonCerv-000028,non_cervical_biopsy,2026-05-05 10:43,1,small,low,2026-05-05 10:43,2026-05-05 10:43,2026-05-05 16:43,2026-05-05 16:43,2026-05-05 16:43,2026-05-05 16:53,2026-05-11 10:10,2026-05-11 19:01,2026-05-11 19:20,18.21,2026-05-11 19:20,2026-05-12 11:38,2026-05-12 11:50,Yes
NonCerv-000029,non_cervical_biopsy,2026-05-05 12:17,1,small,low,2026-05-05 12:17,2026-05-05 12:17,2026-05-05 18:17,2026-05-05 18:17,2026-05-06 09:30,2026-05-06 09:40,2026-05-11 10:45,2026-05-11 19:20,2026-05-11 19:37,17.04,2026-05-11 19:37,2026-05-12 11:56,2026-05-12 12:08,Yes
NonCerv-000030,non_cervical_biopsy,2026-05-05 13:22,1,small,low,2026-05-05 13:22,2026-05-05 13:22,2026-05-05 19:22,2026-05-05 19:22,2026-05-06 09:00,2026-05-06 09:10,2026-05-11 10:10,2026-05-11 19:09,2026-05-11 19:36,26.9,2026-05-11 19:36,2026-05-12 11:50,2026-05-12 11:59,Yes
NonCerv-000031,non_cervical_biopsy,2026-05-05 13:49,1,small,low,2026-05-05 13:49,2026-05-05 13:49,2026-05-05 19:49,2026-05-05 19:49,2026-05-06 09:20,2026-05-06 09:30,2026-05-11 10:45,2026-05-11 19:18,2026-05-11 19:31,12.95,2026-05-11 19:31,2026-05-12 11:43,2026-05-12 11:57,Yes
NonCerv-000032,non_cervical_biopsy,2026-05-05 14:20,1,small,low,2026-05-05 14:20,2026-05-05 14:20,2026-05-05 20:20,2026-05-05 20:20,2026-05-06 09:40,2026-05-06 09:50,2026-05-11 10:45,2026-05-11 19:31,2026-05-11 19:52,20.59,2026-05-11 19:52,2026-05-12 12:01,2026-05-12 12:13,Yes
NonCerv-000033,non_cervical_biopsy,2026-05-05 14:53,1,small,low,2026-05-05 14:53,2026-05-05 14:53,2026-05-05 20:53,2026-05-05 20:53,2026-05-06 09:40,2026-05-06 09:50,2026-05-11 10:45,2026-05-11 19:33,2026-05-11 19:52,18.46,2026-05-11 19:52,2026-05-12 12:08,2026-05-12 12:17,Yes
NonCerv-000034,non_cervical_biopsy,2026-05-05 15:25,1,small,low,2026-05-05 15:25,2026-05-05 15:25,2026-05-05 21:25,2026-05-05 21:25,2026-05-06 09:10,2026-05-06 09:20,2026-05-11 10:10,2026-05-11 19:11,2026-05-11 19:33,22.17,2026-05-11 19:33,2026-05-12 11:48,2026-05-12 11:56,Yes
NonCerv-000035,non_cervical_biopsy,2026-05-05 16:26,1,small,low,2026-05-05 16:26,2026-05-05 16:26,2026-05-05 22:26,2026-05-05 22:26,2026-05-06 09:30,2026-05-06 09:40,2026-05-11 10:45,2026-05-11 19:20,2026-05-11 19:47,26.63,2026-05-11 19:47,2026-05-12 11:59,2026-05-12 12:10,Yes
NonCerv-000036,non_cervical_biopsy,2026-05-06 09:00,1,small,low,2026-05-06 09:00,2026-05-06 09:00,2026-05-06 15:00,2026-05-06 15:00,2026-05-06 15:00,2026-05-06 15:10,2026-05-11 10:45,2026-05-11 19:36,2026-05-11 19:53,17.12,2026-05-11 19:53,2026-05-12 12:10,2026-05-12 12:21,Yes
NonCerv-000037,non_cervical_biopsy,2026-05-06 09:23,1,small,low,2026-05-06 09:23,2026-05-06 09:23,2026-05-06 15:23,2026-05-06 15:23,2026-05-06 15:23,2026-05-06 15:33,2026-05-11 10:45,2026-05-11 19:37,2026-05-11 19:54,17.13,2026-05-11 19:54,2026-05-12 12:13,2026-05-12 12:26,Yes
NonCerv-000038,non_cervical_biopsy,2026-05-06 11:57,1,small,low,2026-05-06 11:57,2026-05-06 11:57,2026-05-06 17:57,2026-05-06 17:57,2026-05-07 09:00,2026-05-07 09:10,2026-05-11 10:45,2026-05-11 19:45,2026-05-11 20:01,15.84,2026-05-11 20:01,2026-05-12 12:15,2026-05-12 12:28,Yes
NonCerv-000039,non_cervical_biopsy,2026-05-06 13:54,1,small,high,2026-05-06 13:54,2026-05-06 13:54,2026-05-06 19:54,2026-05-06 19:54,2026-05-07 09:00,2026-05-07 09:10,2026-05-11 10:45,2026-05-11 19:47,2026-05-11 20:15,28.31,2026-05-11 20:15,2026-05-12 12:30,2026-05-12 13:54,Yes
NonCerv-000040,non_cervical_biopsy,2026-05-06 14:36,1,small,low,2026-05-06 14:36,2026-05-06 14:36,2026-05-06 20:36,2026-05-06 20:36,2026-05-07 09:20,2026-05-07 09:30,2026-05-13 11:43,2026-05-13 17:00,2026-05-13 17:14,14.08,2026-05-13 17:14,2026-05-14 10:00,2026-05-14 10:09,Yes
NonCerv-000041,non_cervical_biopsy,2026-05-06 14:43,1,small,low,2026-05-06 14:43,2026-05-06 14:43,2026-05-06 20:43,2026-05-06 20:43,2026-05-07 09:10,2026-05-07 09:20,2026-05-11 10:45,2026-05-11 19:52,2026-05-11 20:08,16.37,2026-05-11 20:08,2026-05-12 12:26,2026-05-12 12:37,Yes
NonCerv-000042,non_cervical_biopsy,2026-05-06 16:29,1,small,low,2026-05-06 16:29,2026-05-06 16:29,2026-05-06 22:29,2026-05-06 22:29,2026-05-07 09:10,2026-05-07 09:20,2026-05-11 10:45,2026-05-11 19:52,2026-05-11 20:05,13.55,2026-05-11 20:05,2026-05-12 12:17,2026-05-12 12:26,Yes
NonCerv-000043,non_cervical_biopsy,2026-05-07 09:00,10,medium,low,2026-05-07 09:00,2026-05-07 09:00,2026-05-07 21:00,2026-05-07 21:00,2026-05-08 09:10,2026-05-08 09:40,2026-05-12 11:08,2026-05-12 17:23,2026-05-12 17:43,20.54,2026-05-12 17:43,2026-05-13 10:13,2026-05-13 10:28,Yes
NonCerv-000044,non_cervical_biopsy,2026-05-07 09:22,1,small,low,2026-05-07 09:22,2026-05-07 09:22,2026-05-07 15:22,2026-05-07 15:22,2026-05-07 15:22,2026-05-07 15:32,2026-05-11 10:45,2026-05-11 20:01,2026-05-11 20:15,13.73,2026-05-11 20:15,2026-05-12 12:28,2026-05-12 12:34,Yes
NonCerv-000045,non_cervical_biopsy,2026-05-07 10:30,1,small,high,2026-05-07 10:30,2026-05-07 10:30,2026-05-07 16:30,2026-05-07 16:30,2026-05-07 16:30,2026-05-07 16:40,2026-05-11 10:45,2026-05-11 20:05,2026-05-11 20:42,36.4,2026-05-11 20:42,2026-05-12 12:38,2026-05-12 13:29,Yes
NonCerv-000046,non_cervical_biopsy,2026-05-07 10:47,1,small,low,2026-05-07 10:47,2026-05-07 10:47,2026-05-07 16:47,2026-05-07 16:47,2026-05-07 16:47,2026-05-07 16:57,2026-05-11 10:45,2026-05-11 20:07,2026-05-11 20:24,16.42,2026-05-11 20:24,2026-05-12 12:32,2026-05-12 12:39,Yes
NonCerv-000047,non_cervical_biopsy,2026-05-07 13:11,1,small,low,2026-05-07 13:11,2026-05-07 13:11,2026-05-07 19:11,2026-05-07 19:11,2026-05-08 09:00,2026-05-08 09:10,2026-05-13 11:43,2026-05-13 17:00,2026-05-13 17:14,14.93,2026-05-13 17:14,2026-05-14 10:00,2026-05-14 10:12,Yes
NonCerv-000048,non_cervical_biopsy,2026-05-08 09:00,1,small,low,2026-05-08 09:00,2026-05-08 09:00,2026-05-08 15:00,2026-05-08 15:00,2026-05-08 15:00,2026-05-08 15:10,2026-05-12 11:08,2026-05-12 17:32,2026-05-12 17:49,17.3,2026-05-12 17:49,2026-05-13 10:21,2026-05-13 10:31,Yes
NonCerv-000049,non_cervical_biopsy,2026-05-08 12:01,10,medium,low,2026-05-08 12:01,2026-05-08 12:01,2026-05-09 00:01,2026-05-09 00:01,2026-05-09 09:00,2026-05-09 09:30,2026-05-16 12:13,2026-05-16 13:22,2026-05-16 13:41,19.45,2026-05-16 13:41,2026-05-18 10:14,2026-05-18 10:20,Yes
NonCerv-000050,non_cervical_biopsy,2026-05-08 13:08,1,small,low,2026-05-08 13:08,2026-05-08 13:08,2026-05-08 19:08,2026-05-08 19:08,2026-05-09 09:30,2026-05-09 09:40,2026-05-16 11:23,2026-05-16 13:21,2026-05-16 13:38,17.19,2026-05-16 13:38,2026-05-18 10:10,2026-05-18 10:27,Yes
NonCerv-000051,non_cervical_biopsy,2026-05-08 13:08,1,small,low,2026-05-08 13:08,2026-05-08 13:08,2026-05-08 19:08,2026-05-08 19:08,2026-05-09 09:20,2026-05-09 09:30,2026-05-16 11:23,2026-05-16 13:21,2026-05-16 13:35,14.9,2026-05-16 13:35,2026-05-18 10:10,2026-05-18 10:17,Yes
NonCerv-000052,non_cervical_biopsy,2026-05-08 16:29,1,small,low,2026-05-08 16:29,2026-05-08 16:29,2026-05-08 22:29,2026-05-08 22:29,2026-05-09 09:00,2026-05-09 09:10,2026-05-15 13:33,2026-05-15 17:00,2026-05-15 17:16,16.87,2026-05-15 17:16,2026-05-16 10:00,2026-05-16 10:14,Yes
NonCerv-000053,non_cervical_biopsy,2026-05-09 09:00,1,small,low,2026-05-09 09:00,2026-05-09 09:00,2026-05-09 15:00,2026-05-09 15:00,2026-05-11 09:20,2026-05-11 09:30,2026-05-15 14:08,2026-05-15 17:23,2026-05-15 17:46,22.64,2026-05-15 17:46,2026-05-16 10:17,2026-05-16 10:23,Yes
NonCerv-000054,non_cervical_biopsy,2026-05-09 12:13,1,small,low,2026-05-09 12:13,2026-05-09 12:13,2026-05-09 18:13,2026-05-09 18:13,2026-05-11 10:00,2026-05-11 10:10,2026-05-16 12:13,2026-05-16 13:24,2026-05-16 13:47,22.28,2026-05-16 13:47,2026-05-18 10:16,2026-05-18 10:28,Yes
NonCerv-000055,non_cervical_biopsy,2026-05-09 12:36,1,small,low,2026-05-09 12:36,2026-05-09 12:36,2026-05-09 18:36,2026-05-09 18:36,2026-05-11 10:00,2026-05-11 10:10,2026-05-15 14:43,2026-05-15 17:40,2026-05-15 18:00,20.52,2026-05-15 18:00,2026-05-16 10:27,2026-05-16 10:45,Yes
NonCerv-000056,non_cervical_biopsy,2026-05-09 12:40,1,small,low,2026-05-09 12:40,2026-05-09 12:40,2026-05-09 18:40,2026-05-09 18:40,2026-05-11 09:00,2026-05-11 09:10,2026-05-15 14:08,2026-05-15 17:17,2026-05-15 17:32,14.5,2026-05-15 17:32,2026-05-16 10:09,2026-05-16 10:17,Yes
NonCerv-000057,non_cervical_biopsy,2026-05-09 13:04,1,small,low,2026-05-09 13:04,2026-05-09 13:04,2026-05-09 19:04,2026-05-09 19:04,2026-05-11 09:00,2026-05-11 09:10,2026-05-15 14:08,2026-05-15 17:17,2026-05-15 17:37,19.49,2026-05-15 17:37,2026-05-16 10:13,2026-05-16 10:22,Yes
NonCerv-000058,non_cervical_biopsy,2026-05-09 15:04,1,small,low,2026-05-09 15:04,2026-05-09 15:04,2026-05-09 21:04,2026-05-09 21:04,2026-05-11 09:10,2026-05-11 09:20,2026-05-15 14:08,2026-05-15 17:19,2026-05-15 17:40,20.94,2026-05-15 17:40,2026-05-16 10:14,2026-05-16 10:23,Yes
NonCerv-000059,non_cervical_biopsy,2026-05-09 15:29,1,small,low,2026-05-09 15:29,2026-05-09 15:29,2026-05-09 21:29,2026-05-09 21:29,2026-05-11 10:20,2026-05-11 10:30,2026-05-15 14:43,2026-05-15 17:57,2026-05-15 18:14,17.63,2026-05-15 18:14,2026-05-16 10:37,2026-05-16 10:53,Yes
NonCerv-000060,non_cervical_biopsy,2026-05-10 09:00,1,small,low,2026-05-10 09:00,2026-05-10 09:00,2026-05-10 15:00,2026-05-10 15:00,2026-05-11 09:40,2026-05-11 09:50,2026-05-15 14:08,2026-05-15 17:32,2026-05-15 17:51,19.4,2026-05-15 17:51,2026-05-16 10:20,2026-05-16 10:37,Yes
NonCerv-000061,non_cervical_biopsy,2026-05-10 11:26,10,medium,low,2026-05-10 11:26,2026-05-10 11:26,2026-05-10 23:26,2026-05-10 23:26,2026-05-11 09:10,2026-05-11 09:40,2026-05-15 14:08,2026-05-15 17:26,2026-05-15 17:43,16.75,2026-05-15 17:43,2026-05-16 10:16,2026-05-16 10:27,Yes
NonCerv-000062,non_cervical_biopsy,2026-05-10 13:56,1,small,low,2026-05-10 13:56,2026-05-10 13:56,2026-05-10 19:56,2026-05-10 19:56,2026-05-11 10:30,2026-05-11 10:40,2026-05-15 14:43,2026-05-15 17:59,2026-05-15 18:13,14.59,2026-05-15 18:13,2026-05-16 10:37,2026-05-16 10:49,Yes
NonCerv-000063,non_cervical_biopsy,2026-05-10 16:51,1,small,low,2026-05-10 16:51,2026-05-10 16:51,2026-05-10 22:51,2026-05-10 22:51,2026-05-11 10:10,2026-05-11 10:20,2026-05-15 14:43,2026-05-15 17:46,2026-05-15 18:09,23.6,2026-05-15 18:09,2026-05-16 10:32,2026-05-16 10:45,Yes
NonCerv-000064,non_cervical_biopsy,2026-05-11 09:00,1,small,low,2026-05-11 09:00,2026-05-11 09:00,2026-05-11 15:00,2026-05-11 15:00,2026-05-11 15:00,2026-05-11 15:10,2026-05-15 14:43,2026-05-15 18:06,2026-05-15 18:22,16.33,2026-05-15 18:22,2026-05-16 10:45,2026-05-16 10:52,Yes
NonCerv-000065,non_cervical_biopsy,2026-05-11 10:38,10,medium,low,2026-05-11 10:38,2026-05-11 10:38,2026-05-11 22:38,2026-05-11 22:38,2026-05-12 09:00,2026-05-12 09:30,2026-05-15 15:18,2026-05-15 18:22,2026-05-15 18:43,20.31,2026-05-15 18:43,2026-05-16 10:55,2026-05-16 11:11,Yes
NonCerv-000066,non_cervical_biopsy,2026-05-11 11:40,1,small,low,2026-05-11 11:40,2026-05-11 11:40,2026-05-11 17:40,2026-05-11 17:40,2026-05-12 09:00,2026-05-12 09:10,2026-05-15 14:43,2026-05-15 18:14,2026-05-15 18:32,17.34,2026-05-15 18:32,2026-05-16 10:52,2026-05-16 11:07,Yes
NonCerv-000067,non_cervical_biopsy,2026-05-11 12:00,1,small,low,2026-05-11 12:00,2026-05-11 12:00,2026-05-11 18:00,2026-05-11 18:00,2026-05-12 09:20,2026-05-12 09:30,2026-05-15 15:18,2026-05-15 18:25,2026-05-15 18:44,19.43,2026-05-15 18:44,2026-05-16 11:01,2026-05-16 11:18,Yes
NonCerv-000068,non_cervical_biopsy,2026-05-11 14:52,1,small,low,2026-05-11 14:52,2026-05-11 14:52,2026-05-11 20:52,2026-05-11 20:52,2026-05-12 09:10,2026-05-12 09:20,2026-05-15 14:43,2026-05-15 18:16,2026-05-15 18:36,19.79,2026-05-15 18:36,2026-05-16 10:53,2026-05-16 11:03,Yes
NonCerv-000069,non_cervical_biopsy,2026-05-12 09:00,1,small,low,2026-05-12 09:00,2026-05-12 09:00,2026-05-12 15:00,2026-05-12 15:00,2026-05-12 15:00,2026-05-12 15:10,2026-05-15 15:18,2026-05-15 18:32,2026-05-15 18:49,17.16,2026-05-15 18:49,2026-05-16 11:03,2026-05-16 11:22,Yes
NonCerv-000070,non_cervical_biopsy,2026-05-12 10:52,1,small,low,2026-05-12 10:52,2026-05-12 10:52,2026-05-12 16:52,2026-05-12 16:52,2026-05-13 09:40,2026-05-13 09:50,2026-05-15 15:18,2026-05-15 19:00,2026-05-15 19:25,25.02,2026-05-15 19:25,2026-05-16 11:34,2026-05-16 11:51,Yes
NonCerv-000071,non_cervical_biopsy,2026-05-12 11:30,1,small,low,2026-05-12 11:30,2026-05-12 11:30,2026-05-12 17:30,2026-05-12 17:30,2026-05-13 09:00,2026-05-13 09:10,2026-05-20 13:33,2026-05-20 17:00,2026-05-20 17:18,18.24,2026-05-20 17:18,2026-05-21 10:00,2026-05-21 10:14,Yes
NonCerv-000072,non_cervical_biopsy,2026-05-12 12:15,1,small,low,2026-05-12 12:15,2026-05-12 12:15,2026-05-12 18:15,2026-05-12 18:15,2026-05-13 09:00,2026-05-13 09:10,2026-05-15 15:18,2026-05-15 18:36,2026-05-15 18:56,20.1,2026-05-15 18:56,2026-05-16 11:07,2026-05-16 11:19,Yes
NonCerv-000073,non_cervical_biopsy,2026-05-12 13:09,10,medium,low,2026-05-12 13:09,2026-05-12 13:09,2026-05-13 01:09,2026-05-13 01:09,2026-05-13 09:10,2026-05-13 09:40,2026-05-21 11:13,2026-05-21 17:23,2026-05-21 17:44,21.4,2026-05-21 17:44,2026-05-22 10:18,2026-05-22 10:34,Yes
NonCerv-000074,non_cervical_biopsy,2026-05-12 14:06,1,small,low,2026-05-12 14:06,2026-05-12 14:06,2026-05-12 20:06,2026-05-12 20:06,2026-05-13 09:40,2026-05-13 09:50,2026-05-15 15:18,2026-05-15 18:56,2026-05-15 19:20,24.05,2026-05-15 19:20,2026-05-16 11:22,2026-05-16 11:39,Yes
NonCerv-000075,non_cervical_biopsy,2026-05-12 15:48,1,small,low,2026-05-12 15:48,2026-05-12 15:48,2026-05-12 21:48,2026-05-12 21:48,2026-05-13 09:20,2026-05-13 09:30,2026-05-15 15:18,2026-05-15 18:44,2026-05-15 19:05,20.35,2026-05-15 19:05,2026-05-16 11:13,2026-05-16 11:30,Yes
NonCerv-000076,non_cervical_biopsy,2026-05-13 09:00,1,small,low,2026-05-13 09:00,2026-05-13 09:00,2026-05-13 15:00,2026-05-13 15:00,2026-05-13 15:00,2026-05-13 15:10,2026-05-15 15:18,2026-05-15 19:05,2026-05-15 19:31,26.56,2026-05-15 19:31,2026-05-16 11:38,2026-05-16 11:48,Yes
NonCerv-000077,non_cervical_biopsy,2026-05-13 09:52,1,small,low,2026-05-13 09:52,2026-05-13 09:52,2026-05-13 15:52,2026-05-13 15:52,2026-05-13 15:52,2026-05-13 16:02,2026-05-15 15:18,2026-05-15 19:05,2026-05-15 19:23,18.31,2026-05-15 19:23,2026-05-16 11:30,2026-05-16 11:48,Yes
NonCerv-000078,non_cervical_biopsy,2026-05-13 10:45,1,small,low,2026-05-13 10:45,2026-05-13 10:45,2026-05-13 16:45,2026-05-13 16:45,2026-05-13 16:45,2026-05-13 16:55,2026-05-15 15:18,2026-05-15 19:09,2026-05-15 19:23,14.88,2026-05-15 19:23,2026-05-16 11:30,2026-05-16 11:41,Yes
NonCerv-000079,non_cervical_biopsy,2026-05-13 11:47,10,medium,low,2026-05-13 11:47,2026-05-13 11:47,2026-05-13 23:47,2026-05-13 23:47,2026-05-14 09:20,2026-05-14 09:50,2026-05-20 14:08,2026-05-20 17:00,2026-05-20 17:15,15.55,2026-05-20 17:15,2026-05-21 10:00,2026-05-21 10:09,Yes
NonCerv-000080,non_cervical_biopsy,2026-05-13 12:06,1,small,low,2026-05-13 12:06,2026-05-13 12:06,2026-05-13 18:06,2026-05-13 18:06,2026-05-14 09:20,2026-05-14 09:30,2026-05-16 11:23,2026-05-16 13:00,2026-05-16 13:18,18.73,2026-05-16 13:18,2026-05-18 10:00,2026-05-18 10:09,Yes
NonCerv-000081,non_cervical_biopsy,2026-05-13 12:37,1,small,low,2026-05-13 12:37,2026-05-13 12:37,2026-05-13 18:37,2026-05-13 18:37,2026-05-14 09:10,2026-05-14 09:20,2026-05-16 11:23,2026-05-16 13:00,2026-05-16 13:21,21.64,2026-05-16 13:21,2026-05-18 10:00,2026-05-18 10:08,Yes
NonCerv-000082,non_cervical_biopsy,2026-05-13 13:03,1,small,low,2026-05-13 13:03,2026-05-13 13:03,2026-05-13 19:03,2026-05-13 19:03,2026-05-14 09:00,2026-05-14 09:10,2026-05-16 11:23,2026-05-16 13:00,2026-05-16 13:24,24.93,2026-05-16 13:24,2026-05-18 10:08,2026-05-18 10:14,Yes
NonCerv-000083,non_cervical_biopsy,2026-05-13 14:37,1,small,low,2026-05-13 14:37,2026-05-13 14:37,2026-05-13 20:37,2026-05-13 20:37,2026-05-14 09:10,2026-05-14 09:20,2026-05-16 11:23,2026-05-16 13:00,2026-05-16 13:22,22.06,2026-05-16 13:22,2026-05-18 10:00,2026-05-18 10:11,Yes
NonCerv-000084,non_cervical_biopsy,2026-05-13 15:11,1,small,low,2026-05-13 15:11,2026-05-13 15:11,2026-05-13 21:11,2026-05-13 21:11,2026-05-14 09:00,2026-05-14 09:10,2026-05-16 11:23,2026-05-16 13:00,2026-05-16 13:22,22.4,2026-05-16 13:22,2026-05-18 10:00,2026-05-18 10:10,Yes
NonCerv-000085,non_cervical_biopsy,2026-05-13 15:37,1,small,low,2026-05-13 15:37,2026-05-13 15:37,2026-05-13 21:37,2026-05-13 21:37,2026-05-14 09:30,2026-05-14 09:40,2026-05-16 11:23,2026-05-16 13:00,2026-05-16 13:21,21.06,2026-05-16 13:21,2026-05-18 10:00,2026-05-18 10:10,Yes
NonCerv-000086,non_cervical_biopsy,2026-05-14 09:00,1,small,low,2026-05-14 09:00,2026-05-14 09:00,2026-05-14 15:00,2026-05-14 15:00,2026-05-14 15:00,2026-05-14 15:10,2026-05-20 14:08,2026-05-20 17:00,2026-05-20 17:25,25.89,2026-05-20 17:25,2026-05-21 10:08,2026-05-21 10:20,Yes
NonCerv-000087,non_cervical_biopsy,2026-05-14 09:59,1,small,low,2026-05-14 09:59,2026-05-14 09:59,2026-05-14 15:59,2026-05-14 15:59,2026-05-14 15:59,2026-05-14 16:09,2026-05-20 14:08,2026-05-20 17:15,2026-05-20 17:35,19.95,2026-05-20 17:35,2026-05-21 10:09,2026-05-21 10:18,Yes
NonCerv-000088,non_cervical_biopsy,2026-05-14 12:42,1,small,low,2026-05-14 12:42,2026-05-14 12:42,2026-05-14 18:42,2026-05-14 18:42,2026-05-15 09:10,2026-05-15 09:20,2026-05-20 14:08,2026-05-20 17:18,2026-05-20 17:36,18.0,2026-05-20 17:36,2026-05-21 10:11,2026-05-21 10:19,Yes
NonCerv-000089,non_cervical_biopsy,2026-05-14 12:55,1,small,low,2026-05-14 12:55,2026-05-14 12:55,2026-05-14 18:55,2026-05-14 18:55,2026-05-15 09:00,2026-05-15 09:10,2026-05-20 14:08,2026-05-20 17:15,2026-05-20 17:41,25.82,2026-05-20 17:41,2026-05-21 10:18,2026-05-21 10:29,Yes
NonCerv-000090,non_cervical_biopsy,2026-05-14 13:49,1,small,low,2026-05-14 13:49,2026-05-14 13:49,2026-05-14 19:49,2026-05-14 19:49,2026-05-15 09:20,2026-05-15 09:30,2026-05-20 14:08,2026-05-20 17:20,2026-05-20 17:40,20.22,2026-05-20 17:40,2026-05-21 10:17,2026-05-21 10:25,Yes
NonCerv-000091,non_cervical_biopsy,2026-05-15 09:00,1,small,low,2026-05-15 09:00,2026-05-15 09:00,2026-05-15 15:00,2026-05-15 15:00,2026-05-15 15:00,2026-05-15 15:10,2026-05-20 14:08,2026-05-20 17:35,2026-05-20 17:50,15.04,2026-05-20 17:50,2026-05-21 10:19,2026-05-21 10:32,Yes
NonCerv-000092,non_cervical_biopsy,2026-05-15 09:59,1,small,low,2026-05-15 09:59,2026-05-15 09:59,2026-05-15 15:59,2026-05-15 15:59,2026-05-15 15:59,2026-05-15 16:09,2026-05-20 14:08,2026-05-20 17:36,2026-05-20 17:55,18.93,2026-05-20 17:55,2026-05-21 10:25,2026-05-21 10:36,Yes
NonCerv-000093,non_cervical_biopsy,2026-05-15 12:11,1,small,low,2026-05-15 12:11,2026-05-15 12:11,2026-05-15 18:11,2026-05-15 18:11,2026-05-16 09:00,2026-05-16 09:10,2026-05-20 14:08,2026-05-20 17:39,2026-05-20 17:53,14.11,2026-05-20 17:53,2026-05-21 10:21,2026-05-21 10:31,Yes
NonCerv-000094,non_cervical_biopsy,2026-05-15 13:27,1,small,low,2026-05-15 13:27,2026-05-15 13:27,2026-05-15 19:27,2026-05-15 19:27,2026-05-16 09:30,2026-05-16 09:40,2026-05-20 14:43,2026-05-20 17:51,2026-05-20 18:13,21.86,2026-05-20 18:13,2026-05-21 10:32,2026-05-21 10:51,Yes
NonCerv-000095,non_cervical_biopsy,2026-05-15 13:32,1,small,low,2026-05-15 13:32,2026-05-15 13:32,2026-05-15 19:32,2026-05-15 19:32,2026-05-16 09:20,2026-05-16 09:30,2026-05-21 12:08,2026-05-21 17:32,2026-05-21 17:57,24.53,2026-05-21 17:57,2026-05-22 10:23,2026-05-22 10:36,Yes
NonCerv-000096,non_cervical_biopsy,2026-05-15 13:47,10,medium,low,2026-05-15 13:47,2026-05-15 13:47,2026-05-16 01:47,2026-05-16 01:47,2026-05-16 09:00,2026-05-16 09:30,2026-05-20 14:43,2026-05-20 17:41,2026-05-20 18:05,23.94,2026-05-20 18:05,2026-05-21 10:29,2026-05-21 10:44,Yes
NonCerv-000097,non_cervical_biopsy,2026-05-15 15:20,1,small,low,2026-05-15 15:20,2026-05-15 15:20,2026-05-15 21:20,2026-05-15 21:20,2026-05-16 09:30,2026-05-16 09:40,2026-05-20 14:43,2026-05-20 17:53,2026-05-20 18:14,20.44,2026-05-20 18:14,2026-05-21 10:36,2026-05-21 10:48,Yes
NonCerv-000098,non_cervical_biopsy,2026-05-15 15:25,1,small,low,2026-05-15 15:25,2026-05-15 15:25,2026-05-15 21:25,2026-05-15 21:25,2026-05-16 09:40,2026-05-16 09:50,2026-05-20 14:43,2026-05-20 17:55,2026-05-20 18:16,21.19,2026-05-20 18:16,2026-05-21 10:39,2026-05-21 10:49,Yes
NonCerv-000099,non_cervical_biopsy,2026-05-15 15:36,1,small,low,2026-05-15 15:36,2026-05-15 15:36,2026-05-15 21:36,2026-05-15 21:36,2026-05-16 09:10,2026-05-16 09:20,2026-05-20 14:08,2026-05-20 17:40,2026-05-20 18:06,25.86,2026-05-20 18:06,2026-05-21 10:29,2026-05-21 10:42,Yes
NonCerv-000100,non_cervical_biopsy,2026-05-16 09:00,1,small,low,2026-05-16 09:00,2026-05-16 09:00,2026-05-16 15:00,2026-05-16 15:00,2026-05-18 09:50,2026-05-18 10:00,2026-05-20 15:18,2026-05-20 18:34,2026-05-20 18:51,16.5,2026-05-20 18:51,2026-05-21 10:59,2026-05-21 11:05,Yes
NonCerv-000101,non_cervical_biopsy,2026-05-16 09:47,1,small,low,2026-05-16 09:47,2026-05-16 09:47,2026-05-16 15:47,2026-05-16 15:47,2026-05-18 10:40,2026-05-18 10:50,2026-05-21 11:13,2026-05-21 17:00,2026-05-21 17:12,12.06,2026-05-21 17:12,2026-05-22 10:00,2026-05-22 10:10,Yes
NonCerv-000102,non_cervical_biopsy,2026-05-16 12:29,1,small,low,2026-05-16 12:29,2026-05-16 12:29,2026-05-16 18:29,2026-05-16 18:29,2026-05-18 09:10,2026-05-18 09:20,2026-05-22 11:29,2026-05-22 17:00,2026-05-22 17:25,25.8,2026-05-22 17:25,2026-05-23 10:00,2026-05-23 10:10,Yes
NonCerv-000103,non_cervical_biopsy,2026-05-16 13:44,1,small,low,2026-05-16 13:44,2026-05-16 13:44,2026-05-16 19:44,2026-05-16 19:44,2026-05-18 10:50,2026-05-18 11:00,2026-05-21 11:13,2026-05-21 17:00,2026-05-21 17:19,19.27,2026-05-21 17:19,2026-05-22 10:00,2026-05-22 10:09,Yes
NonCerv-000104,non_cervical_biopsy,2026-05-16 15:45,1,small,low,2026-05-16 15:45,2026-05-16 15:45,2026-05-16 21:45,2026-05-16 21:45,2026-05-18 09:00,2026-05-18 09:10,2026-05-20 14:43,2026-05-20 18:05,2026-05-20 18:29,24.56,2026-05-20 18:29,2026-05-21 10:44,2026-05-21 11:01,Yes
NonCerv-000105,non_cervical_biopsy,2026-05-17 09:00,10,medium,low,2026-05-17 09:00,2026-05-17 09:00,2026-05-17 21:00,2026-05-17 21:00,2026-05-18 10:10,2026-05-18 10:40,2026-05-27 13:35,2026-05-27 17:00,2026-05-27 17:16,16.11,2026-05-27 17:16,2026-05-28 10:00,2026-05-28 10:09,Yes
NonCerv-000106,non_cervical_biopsy,2026-05-17 09:27,1,small,low,2026-05-17 09:27,2026-05-17 09:27,2026-05-17 15:27,2026-05-17 15:27,2026-05-18 10:40,2026-05-18 10:50,2026-05-21 11:13,2026-05-21 17:00,2026-05-21 17:19,19.5,2026-05-21 17:19,2026-05-22 10:00,2026-05-22 10:16,Yes
NonCerv-000107,non_cervical_biopsy,2026-05-17 10:19,1,small,low,2026-05-17 10:19,2026-05-17 10:19,2026-05-17 16:19,2026-05-17 16:19,2026-05-18 10:30,2026-05-18 10:40,2026-05-22 11:29,2026-05-22 17:00,2026-05-22 17:26,26.34,2026-05-22 17:26,2026-05-23 10:00,2026-05-23 10:11,Yes
NonCerv-000108,non_cervical_biopsy,2026-05-17 10:30,1,small,low,2026-05-17 10:30,2026-05-17 10:30,2026-05-17 16:30,2026-05-17 16:30,2026-05-18 09:20,2026-05-18 09:30,2026-05-21 12:08,2026-05-21 17:41,2026-05-21 18:09,27.98,2026-05-21 18:09,2026-05-22 10:34,2026-05-22 10:42,Yes
NonCerv-000109,non_cervical_biopsy,2026-05-17 11:25,1,small,low,2026-05-17 11:25,2026-05-17 11:25,2026-05-17 17:25,2026-05-17 17:25,2026-05-18 09:10,2026-05-18 09:20,2026-05-20 14:43,2026-05-20 18:13,2026-05-20 18:33,20.7,2026-05-20 18:33,2026-05-21 10:48,2026-05-21 10:56,Yes
NonCerv-000110,non_cervical_biopsy,2026-05-17 16:03,1,small,low,2026-05-17 16:03,2026-05-17 16:03,2026-05-17 22:03,2026-05-17 22:03,2026-05-18 09:00,2026-05-18 09:10,2026-05-20 14:43,2026-05-20 18:06,2026-05-20 18:34,28.36,2026-05-20 18:34,2026-05-21 10:49,2026-05-21 10:58,Yes
NonCerv-000111,non_cervical_biopsy,2026-05-17 16:26,1,small,low,2026-05-17 16:26,2026-05-17 16:26,2026-05-17 22:26,2026-05-17 22:26,2026-05-18 09:20,2026-05-18 09:30,2026-05-20 14:43,2026-05-20 18:16,2026-05-20 18:35,18.91,2026-05-20 18:35,2026-05-21 10:51,2026-05-21 10:59,Yes
NonCerv-000112,non_cervical_biopsy,2026-05-18 09:00,1,small,low,2026-05-18 09:00,2026-05-18 09:00,2026-05-18 15:00,2026-05-18 15:00,2026-05-18 15:00,2026-05-18 15:10,2026-05-21 11:13,2026-05-21 17:00,2026-05-21 17:11,11.93,2026-05-21 17:11,2026-05-22 10:00,2026-05-22 10:08,Yes
NonCerv-000113,non_cervical_biopsy,2026-05-18 11:02,1,small,low,2026-05-18 11:02,2026-05-18 11:02,2026-05-18 17:02,2026-05-18 17:02,2026-05-19 09:30,2026-05-19 09:40,2026-05-27 13:35,2026-05-27 17:00,2026-05-27 17:14,14.53,2026-05-27 17:14,2026-05-28 10:00,2026-05-28 10:07,Yes
NonCerv-000114,non_cervical_biopsy,2026-05-18 11:02,1,small,low,2026-05-18 11:02,2026-05-18 11:02,2026-05-18 17:02,2026-05-18 17:02,2026-05-19 09:10,2026-05-19 09:20,2026-05-21 11:13,2026-05-21 17:19,2026-05-21 17:41,22.48,2026-05-21 17:41,2026-05-22 10:14,2026-05-22 10:22,Yes
NonCerv-000115,non_cervical_biopsy,2026-05-18 11:42,1,small,low,2026-05-18 11:42,2026-05-18 11:42,2026-05-18 17:42,2026-05-18 17:42,2026-05-19 09:10,2026-05-19 09:20,2026-05-22 11:29,2026-05-22 17:00,2026-05-22 17:27,27.67,2026-05-22 17:27,2026-05-23 10:00,2026-05-23 10:15,Yes
NonCerv-000116,non_cervical_biopsy,2026-05-18 12:31,1,small,low,2026-05-18 12:31,2026-05-18 12:31,2026-05-18 18:31,2026-05-18 18:31,2026-05-19 09:20,2026-05-19 09:30,2026-05-27 13:35,2026-05-27 17:00,2026-05-27 17:24,24.67,2026-05-27 17:24,2026-05-28 10:00,2026-05-28 10:19,Yes
NonCerv-000117,non_cervical_biopsy,2026-05-18 12:38,1,small,low,2026-05-18 12:38,2026-05-18 12:38,2026-05-18 18:38,2026-05-18 18:38,2026-05-19 09:00,2026-05-19 09:10,2026-05-21 11:13,2026-05-21 17:12,2026-05-21 17:29,17.47,2026-05-21 17:29,2026-05-22 10:08,2026-05-22 10:18,Yes
NonCerv-000118,non_cervical_biopsy,2026-05-18 14:20,1,small,low,2026-05-18 14:20,2026-05-18 14:20,2026-05-18 20:20,2026-05-18 20:20,2026-05-19 09:20,2026-05-19 09:30,2026-05-28 11:03,2026-05-28 17:22,2026-05-28 17:43,20.9,2026-05-28 17:43,2026-05-29 10:16,2026-05-29 10:30,Yes
NonCerv-000119,non_cervical_biopsy,2026-05-18 16:06,1,small,low,2026-05-18 16:06,2026-05-18 16:06,2026-05-18 22:06,2026-05-18 22:06,2026-05-19 09:00,2026-05-19 09:10,2026-05-21 11:13,2026-05-21 17:11,2026-05-21 17:32,20.83,2026-05-21 17:32,2026-05-22 10:09,2026-05-22 10:23,Yes
NonCerv-000120,non_cervical_biopsy,2026-05-19 09:00,1,small,low,2026-05-19 09:00,2026-05-19 09:00,2026-05-19 15:00,2026-05-19 15:00,2026-05-19 15:00,2026-05-19 15:10,2026-05-27 13:35,2026-05-27 17:00,2026-05-27 17:27,27.77,2026-05-27 17:27,2026-05-28 10:07,2026-05-28 10:18,Yes
NonCerv-000121,non_cervical_biopsy,2026-05-19 09:37,1,small,low,2026-05-19 09:37,2026-05-19 09:37,2026-05-19 15:37,2026-05-19 15:37,2026-05-19 15:37,2026-05-19 15:47,2026-05-28 12:03,2026-05-28 17:23,2026-05-28 17:44,20.85,2026-05-28 17:44,2026-05-29 10:17,2026-05-29 10:27,Yes
NonCerv-000122,non_cervical_biopsy,2026-05-19 13:46,1,small,low,2026-05-19 13:46,2026-05-19 13:46,2026-05-19 19:46,2026-05-19 19:46,2026-05-20 09:00,2026-05-20 09:10,2026-05-27 13:35,2026-05-27 17:25,2026-05-27 17:38,13.43,2026-05-27 17:38,2026-05-28 10:18,2026-05-28 10:27,Yes
NonCerv-000123,non_cervical_biopsy,2026-05-19 14:58,1,small,low,2026-05-19 14:58,2026-05-19 14:58,2026-05-19 20:58,2026-05-19 20:58,2026-05-20 09:10,2026-05-20 09:20,2026-05-27 13:35,2026-05-27 17:29,2026-05-27 17:50,21.8,2026-05-27 17:50,2026-05-28 10:21,2026-05-28 10:28,Yes
NonCerv-000124,non_cervical_biopsy,2026-05-19 15:15,1,small,low,2026-05-19 15:15,2026-05-19 15:15,2026-05-19 21:15,2026-05-19 21:15,2026-05-20 09:00,2026-05-20 09:10,2026-05-27 13:35,2026-05-27 17:27,2026-05-27 17:52,24.56,2026-05-27 17:52,2026-05-28 10:27,2026-05-28 10:36,Yes
NonCerv-000125,non_cervical_biopsy,2026-05-20 09:00,1,small,low,2026-05-20 09:00,2026-05-20 09:00,2026-05-20 15:00,2026-05-20 15:00,2026-05-20 15:00,2026-05-20 15:10,2026-05-28 12:03,2026-05-28 17:25,2026-05-28 17:49,24.19,2026-05-28 17:49,2026-05-29 10:27,2026-05-29 10:40,Yes
NonCerv-000126,non_cervical_biopsy,2026-05-20 12:35,1,small,low,2026-05-20 12:35,2026-05-20 12:35,2026-05-20 18:35,2026-05-20 18:35,2026-05-21 09:10,2026-05-21 09:20,2026-05-27 13:35,2026-05-27 17:43,2026-05-27 18:11,28.27,2026-05-27 18:11,2026-05-28 10:33,2026-05-28 10:43,Yes
NonCerv-000127,non_cervical_biopsy,2026-05-20 13:37,1,small,low,2026-05-20 13:37,2026-05-20 13:37,2026-05-20 19:37,2026-05-20 19:37,2026-05-21 09:00,2026-05-21 09:10,2026-05-28 12:03,2026-05-28 17:29,2026-05-28 17:44,15.47,2026-05-28 17:44,2026-05-29 10:20,2026-05-29 10:35,Yes
NonCerv-000128,non_cervical_biopsy,2026-05-20 15:14,1,small,low,2026-05-20 15:14,2026-05-20 15:14,2026-05-20 21:14,2026-05-20 21:14,2026-05-21 09:00,2026-05-21 09:10,2026-05-27 13:35,2026-05-27 17:38,2026-05-27 17:58,19.52,2026-05-27 17:58,2026-05-28 10:28,2026-05-28 10:37,Yes
NonCerv-000129,non_cervical_biopsy,2026-05-21 09:00,1,small,low,2026-05-21 09:00,2026-05-21 09:00,2026-05-21 15:00,2026-05-21 15:00,2026-05-21 15:00,2026-05-21 15:10,2026-05-27 14:10,2026-05-27 17:52,2026-05-27 18:15,23.12,2026-05-27 18:15,2026-05-28 10:36,2026-05-28 10:52,Yes
NonCerv-000130,non_cervical_biopsy,2026-05-21 10:52,1,small,low,2026-05-21 10:52,2026-05-21 10:52,2026-05-21 16:52,2026-05-21 16:52,2026-05-22 09:10,2026-05-22 09:20,2026-05-28 12:03,2026-05-28 17:38,2026-05-28 17:51,12.82,2026-05-28 17:51,2026-05-29 10:30,2026-05-29 10:39,Yes
NonCerv-000131,non_cervical_biopsy,2026-05-21 12:03,1,small,low,2026-05-21 12:03,2026-05-21 12:03,2026-05-21 18:03,2026-05-21 18:03,2026-05-22 09:00,2026-05-22 09:10,2026-05-28 12:43,2026-05-28 17:43,2026-05-28 17:59,16.29,2026-05-28 17:59,2026-05-29 10:35,2026-05-29 10:50,Yes
NonCerv-000132,non_cervical_biopsy,2026-05-21 13:49,1,small,low,2026-05-21 13:49,2026-05-21 13:49,2026-05-21 19:49,2026-05-21 19:49,2026-05-22 09:00,2026-05-22 09:10,2026-05-27 14:10,2026-05-27 17:58,2026-05-27 18:20,21.79,2026-05-27 18:20,2026-05-28 10:41,2026-05-28 10:50,Yes
NonCerv-000133,non_cervical_biopsy,2026-05-21 14:59,1,small,low,2026-05-21 14:59,2026-05-21 14:59,2026-05-21 20:59,2026-05-21 20:59,2026-05-22 09:20,2026-05-22 09:30,2026-05-27 14:10,2026-05-27 18:15,2026-05-27 18:28,12.8,2026-05-27 18:28,2026-05-28 10:48,2026-05-28 11:01,Yes
NonCerv-000134,non_cervical_biopsy,2026-05-21 16:18,1,small,low,2026-05-21 16:18,2026-05-21 16:18,2026-05-21 22:18,2026-05-21 22:18,2026-05-22 09:30,2026-05-22 09:40,2026-05-27 14:10,2026-05-27 18:19,2026-05-27 18:42,23.0,2026-05-27 18:42,2026-05-28 10:59,2026-05-28 11:07,Yes
NonCerv-000135,non_cervical_biopsy,2026-05-22 09:00,1,small,low,2026-05-22 09:00,2026-05-22 09:00,2026-05-22 15:00,2026-05-22 15:00,2026-05-22 15:00,2026-05-22 15:10,2026-05-30 09:35,2026-05-30 13:00,2026-05-30 13:13,13.22,2026-05-30 13:13,2026-05-29 10:42,2026-05-29 10:49,Yes
NonCerv-000136,non_cervical_biopsy,2026-05-22 10:26,1,small,low,2026-05-22 10:26,2026-05-22 10:26,2026-05-22 16:26,2026-05-22 16:26,2026-05-22 16:26,2026-05-22 16:36,2026-05-27 14:45,2026-05-27 18:28,2026-05-27 18:42,13.65,2026-05-27 18:42,2026-05-28 10:52,2026-05-28 11:02,Yes
NonCerv-000137,non_cervical_biopsy,2026-05-23 09:00,1,small,high,2026-05-23 09:00,2026-05-23 09:00,2026-05-23 15:00,2026-05-23 15:00,2026-05-25 09:40,2026-05-25 09:50,2026-05-27 14:45,2026-05-27 18:59,2026-05-27 19:20,21.81,2026-05-27 19:20,2026-05-28 11:27,2026-05-28 12:26,Yes
NonCerv-000138,non_cervical_biopsy,2026-05-23 09:05,1,small,low,2026-05-23 09:05,2026-05-23 09:05,2026-05-23 15:05,2026-05-23 15:05,2026-05-25 09:10,2026-05-25 09:20,2026-05-28 12:43,2026-05-28 17:45,2026-05-28 18:06,21.49,2026-05-28 18:06,2026-05-29 10:39,2026-05-29 10:49,Yes
NonCerv-000139,non_cervical_biopsy,2026-05-23 10:01,1,small,low,2026-05-23 10:01,2026-05-23 10:01,2026-05-23 16:01,2026-05-23 16:01,2026-05-25 09:30,2026-05-25 09:40,2026-05-29 11:17,2026-05-29 17:00,2026-05-29 17:24,24.46,2026-05-29 17:24,2026-05-30 10:00,2026-05-30 10:09,Yes
NonCerv-000140,non_cervical_biopsy,2026-05-23 12:55,1,small,low,2026-05-23 12:55,2026-05-23 12:55,2026-05-23 18:55,2026-05-23 18:55,2026-05-25 09:20,2026-05-25 09:30,2026-05-27 14:45,2026-05-27 18:48,2026-05-27 19:07,18.84,2026-05-27 19:07,2026-05-28 11:15,2026-05-28 11:28,Yes
NonCerv-000141,non_cervical_biopsy,2026-05-24 09:00,10,medium,low,2026-05-24 09:00,2026-05-24 09:00,2026-05-24 21:00,2026-05-24 21:00,2026-05-25 09:50,2026-05-25 10:20,2026-05-27 14:45,2026-05-27 19:08,2026-05-27 19:26,18.31,2026-05-27 19:26,2026-05-28 11:29,2026-05-28 11:41,Yes
NonCerv-000142,non_cervical_biopsy,2026-05-24 09:31,10,medium,low,2026-05-24 09:31,2026-05-24 09:31,2026-05-24 21:31,2026-05-24 21:31,2026-05-25 10:00,2026-05-25 10:30,2026-05-28 11:03,2026-05-28 17:00,2026-05-28 17:25,25.3,2026-05-28 17:25,2026-05-29 10:00,2026-05-29 10:09,Yes
NonCerv-000143,non_cervical_biopsy,2026-05-24 09:55,1,small,low,2026-05-24 09:55,2026-05-24 09:55,2026-05-24 15:55,2026-05-24 15:55,2026-05-25 09:20,2026-05-25 09:30,2026-05-28 12:43,2026-05-28 17:49,2026-05-28 18:08,19.34,2026-05-28 18:08,2026-05-29 10:40,2026-05-29 10:48,Yes
NonCerv-000144,non_cervical_biopsy,2026-05-24 09:57,1,small,low,2026-05-24 09:57,2026-05-24 09:57,2026-05-24 15:57,2026-05-24 15:57,2026-05-25 09:50,2026-05-25 10:00,2026-05-27 14:45,2026-05-27 19:07,2026-05-27 19:21,14.26,2026-05-27 19:21,2026-05-28 11:27,2026-05-28 11:38,Yes
NonCerv-000145,non_cervical_biopsy,2026-05-24 11:08,1,small,low,2026-05-24 11:08,2026-05-24 11:08,2026-05-24 17:08,2026-05-24 17:08,2026-05-25 10:30,2026-05-25 10:40,2026-05-29 11:17,2026-05-29 17:00,2026-05-29 17:20,20.83,2026-05-29 17:20,2026-05-30 10:00,2026-05-30 10:11,Yes
NonCerv-000146,non_cervical_biopsy,2026-05-24 13:02,1,small,low,2026-05-24 13:02,2026-05-24 13:02,2026-05-24 19:02,2026-05-24 19:02,2026-05-25 09:00,2026-05-25 09:10,2026-05-27 14:45,2026-05-27 18:42,2026-05-27 18:59,17.09,2026-05-27 18:59,2026-05-28 11:13,2026-05-28 11:29,Yes
NonCerv-000147,non_cervical_biopsy,2026-05-24 16:56,1,small,low,2026-05-24 16:56,2026-05-24 16:56,2026-05-24 22:56,2026-05-24 22:56,2026-05-25 10:20,2026-05-25 10:30,2026-05-28 11:03,2026-05-28 17:00,2026-05-28 17:23,23.26,2026-05-28 17:23,2026-05-29 10:00,2026-05-29 10:17,Yes
NonCerv-000148,non_cervical_biopsy,2026-05-25 09:00,1,small,high,2026-05-25 09:00,2026-05-25 09:00,2026-05-25 15:00,2026-05-25 15:00,2026-05-25 15:00,2026-05-25 15:10,2026-05-28 11:03,2026-05-28 17:00,2026-05-28 17:26,26.54,2026-05-28 17:26,2026-05-29 10:09,2026-05-29 10:42,Yes
NonCerv-000149,non_cervical_biopsy,2026-05-25 09:11,1,small,low,2026-05-25 09:11,2026-05-25 09:11,2026-05-25 15:11,2026-05-25 15:11,2026-05-25 15:11,2026-05-25 15:21,2026-05-28 11:03,2026-05-28 17:15,2026-05-28 17:29,13.41,2026-05-28 17:29,2026-05-29 10:12,2026-05-29 10:20,Yes
NonCerv-000150,non_cervical_biopsy,2026-05-25 10:25,10,medium,low,2026-05-25 10:25,2026-05-25 10:25,2026-05-25 22:25,2026-05-25 22:25,2026-05-26 09:30,2026-05-26 10:00,2026-05-30 10:10,2026-05-30 13:00,2026-05-30 13:25,25.76,2026-05-30 13:25,N/A,N/A,No
NonCerv-000151,non_cervical_biopsy,2026-05-25 10:43,10,medium,low,2026-05-25 10:43,2026-05-25 10:43,2026-05-25 22:43,2026-05-25 22:43,2026-05-26 09:10,2026-05-26 09:40,2026-05-30 09:35,2026-05-30 13:00,2026-05-30 13:15,15.52,2026-05-30 13:15,N/A,N/A,No
NonCerv-000152,non_cervical_biopsy,2026-05-25 15:59,10,medium,low,2026-05-25 15:59,2026-05-25 15:59,2026-05-26 03:59,2026-05-26 03:59,2026-05-26 09:00,2026-05-26 09:30,2026-05-30 09:35,2026-05-30 13:00,2026-05-30 13:16,16.99,2026-05-30 13:16,N/A,N/A,No
NonCerv-000153,non_cervical_biopsy,2026-05-26 09:00,1,small,low,2026-05-26 09:00,2026-05-26 09:00,2026-05-26 15:00,2026-05-26 15:00,2026-05-26 15:00,2026-05-26 15:10,2026-05-30 10:10,2026-05-30 13:13,2026-05-30 13:36,22.92,2026-05-30 13:36,N/A,N/A,No
NonCerv-000154,non_cervical_biopsy,2026-05-26 09:17,10,medium,low,2026-05-26 09:17,2026-05-26 09:17,2026-05-26 21:17,2026-05-26 21:17,2026-05-27 09:00,2026-05-27 09:30,2026-05-30 10:10,2026-05-30 13:16,2026-05-30 13:35,18.62,2026-05-30 13:35,N/A,N/A,No
NonCerv-000155,non_cervical_biopsy,2026-05-26 09:49,10,medium,low,2026-05-26 09:49,2026-05-26 09:49,2026-05-26 21:49,2026-05-26 21:49,2026-05-27 09:10,2026-05-27 09:40,2026-05-30 10:45,2026-05-30 13:17,2026-05-30 13:38,21.17,2026-05-30 13:38,N/A,N/A,No
NonCerv-000156,non_cervical_biopsy,2026-05-26 10:31,1,small,low,2026-05-26 10:31,2026-05-26 10:31,2026-05-26 16:31,2026-05-26 16:31,2026-05-26 16:31,2026-05-26 16:41,2026-05-30 10:10,2026-05-30 13:15,2026-05-30 13:30,15.32,2026-05-30 13:30,N/A,N/A,No
NonCerv-000157,non_cervical_biopsy,2026-05-26 15:46,1,small,low,2026-05-26 15:46,2026-05-26 15:46,2026-05-26 21:46,2026-05-26 21:46,2026-05-27 09:00,2026-05-27 09:10,2026-05-30 10:10,2026-05-30 13:16,2026-05-30 13:30,13.91,2026-05-30 13:30,N/A,N/A,No
NonCerv-000158,non_cervical_biopsy,2026-05-27 09:00,1,small,low,2026-05-27 09:00,2026-05-27 09:00,2026-05-27 15:00,2026-05-27 15:00,2026-05-27 15:00,2026-05-27 15:10,2026-05-30 10:45,2026-05-30 13:30,2026-05-30 13:54,24.37,2026-05-30 13:54,N/A,N/A,No
NonCerv-000159,non_cervical_biopsy,2026-05-27 09:23,1,small,low,2026-05-27 09:23,2026-05-27 09:23,2026-05-27 15:23,2026-05-27 15:23,2026-05-27 15:23,2026-05-27 15:33,2026-05-30 10:45,2026-05-30 13:30,2026-05-30 13:50,19.34,2026-05-30 13:50,N/A,N/A,No
NonCerv-000160,non_cervical_biopsy,2026-05-27 09:47,1,small,low,2026-05-27 09:47,2026-05-27 09:47,2026-05-27 15:47,2026-05-27 15:47,2026-05-27 15:47,2026-05-27 15:57,2026-05-30 10:45,2026-05-30 13:36,2026-05-30 13:49,13.45,2026-05-30 13:49,N/A,N/A,No
NonCerv-000161,non_cervical_biopsy,2026-05-27 10:36,10,medium,low,2026-05-27 10:36,2026-05-27 10:36,2026-05-27 22:36,2026-05-27 22:36,2026-05-28 09:10,2026-05-28 09:40,2026-05-30 11:20,2026-05-30 13:54,2026-05-30 14:14,19.61,2026-05-30 14:14,N/A,N/A,No
NonCerv-000162,non_cervical_biopsy,2026-05-27 11:18,1,small,low,2026-05-27 11:18,2026-05-27 11:18,2026-05-27 17:18,2026-05-27 17:18,2026-05-28 09:40,2026-05-28 09:50,2026-05-30 11:20,2026-05-30 14:01,2026-05-30 14:23,21.68,2026-05-30 14:23,N/A,N/A,No
NonCerv-000163,non_cervical_biopsy,2026-05-27 12:09,1,small,low,2026-05-27 12:09,2026-05-27 12:09,2026-05-27 18:09,2026-05-27 18:09,2026-05-28 09:30,2026-05-28 09:40,2026-05-30 11:20,2026-05-30 13:50,2026-05-30 14:04,14.57,2026-05-30 14:04,N/A,N/A,No
NonCerv-000164,non_cervical_biopsy,2026-05-27 12:47,10,medium,low,2026-05-27 12:47,2026-05-27 12:47,2026-05-28 00:47,2026-05-28 00:47,2026-05-28 09:00,2026-05-28 09:30,2026-05-30 11:20,2026-05-30 13:49,2026-05-30 14:13,23.87,2026-05-30 14:13,N/A,N/A,No
NonCerv-000165,non_cervical_biopsy,2026-05-27 14:12,10,medium,low,2026-05-27 14:12,2026-05-27 14:12,2026-05-28 02:12,2026-05-28 02:12,2026-05-28 09:50,2026-05-28 10:20,2026-05-30 11:20,2026-05-30 14:06,2026-05-30 14:31,24.54,2026-05-30 14:31,N/A,N/A,No
NonCerv-000166,non_cervical_biopsy,2026-05-27 16:13,1,small,low,2026-05-27 16:13,2026-05-27 16:13,2026-05-27 22:13,2026-05-27 22:13,2026-05-28 09:00,2026-05-28 09:10,2026-05-30 10:45,2026-05-30 13:46,2026-05-30 14:08,22.19,2026-05-30 14:08,N/A,N/A,No
NonCerv-000167,non_cervical_biopsy,2026-05-27 16:32,1,small,low,2026-05-27 16:32,2026-05-27 16:32,2026-05-27 22:32,2026-05-27 22:32,2026-05-28 09:40,2026-05-28 09:50,2026-05-30 11:20,2026-05-30 14:04,2026-05-30 14:16,11.29,2026-05-30 14:16,N/A,N/A,No
NonCerv-000168,non_cervical_biopsy,2026-05-28 09:00,1,small,low,2026-05-28 09:00,2026-05-28 09:00,2026-05-28 15:00,2026-05-28 15:00,2026-05-28 15:00,2026-05-28 15:10,N/A,N/A,N/A,N/A,N/A,N/A,N/A,No
NonCerv-000169,non_cervical_biopsy,2026-05-28 11:35,10,medium,low,2026-05-28 11:35,2026-05-28 11:35,2026-05-28 23:35,2026-05-28 23:35,2026-05-29 09:10,2026-05-29 09:40,N/A,N/A,N/A,N/A,N/A,N/A,N/A,No
NonCerv-000170,non_cervical_biopsy,2026-05-28 12:15,1,small,low,2026-05-28 12:15,2026-05-28 12:15,2026-05-28 18:15,2026-05-28 18:15,2026-05-29 09:00,2026-05-29 09:10,N/A,N/A,N/A,N/A,N/A,N/A,N/A,No
NonCerv-000171,non_cervical_biopsy,2026-05-28 12:29,1,small,low,2026-05-28 12:29,2026-05-28 12:29,2026-05-28 18:29,2026-05-28 18:29,2026-05-29 09:00,2026-05-29 09:10,N/A,N/A,N/A,N/A,N/A,N/A,N/A,No
NonCerv-000172,non_cervical_biopsy,2026-05-28 12:43,1,small,low,2026-05-28 12:43,2026-05-28 12:43,2026-05-28 18:43,2026-05-28 18:43,2026-05-29 09:20,2026-05-29 09:30,N/A,N/A,N/A,N/A,N/A,N/A,N/A,No
NonCerv-000173,non_cervical_biopsy,2026-05-28 13:49,1,small,high,2026-05-28 13:49,2026-05-28 13:49,2026-05-28 19:49,2026-05-28 19:49,2026-05-29 09:10,2026-05-29 09:20,N/A,N/A,N/A,N/A,N/A,N/A,N/A,No
NonCerv-000174,non_cervical_biopsy,2026-05-29 09:00,1,small,low,2026-05-29 09:00,2026-05-29 09:00,2026-05-29 15:00,2026-05-29 15:00,2026-05-29 15:00,2026-05-29 15:10,N/A,N/A,N/A,N/A,N/A,N/A,N/A,No
NonCerv-000175,non_cervical_biopsy,2026-05-29 09:07,1,small,low,2026-05-29 09:07,2026-05-29 09:07,2026-05-29 15:07,2026-05-29 15:07,2026-05-29 15:10,2026-05-29 15:20,N/A,N/A,N/A,N/A,N/A,N/A,N/A,No
NonCerv-000176,non_cervical_biopsy,2026-05-29 11:08,1,small,low,2026-05-29 11:08,2026-05-29 11:08,2026-05-29 17:08,2026-05-29 17:08,2026-05-30 09:00,2026-05-30 09:10,N/A,N/A,N/A,N/A,N/A,N/A,N/A,No
NonCerv-000177,non_cervical_biopsy,2026-05-29 13:27,1,small,low,2026-05-29 13:27,2026-05-29 13:27,2026-05-29 19:27,2026-05-29 19:27,2026-05-30 09:20,2026-05-30 09:30,N/A,N/A,N/A,N/A,N/A,N/A,N/A,No
NonCerv-000178,non_cervical_biopsy,2026-05-29 13:43,1,small,low,2026-05-29 13:43,2026-05-29 13:43,2026-05-29 19:43,2026-05-29 19:43,2026-05-30 09:10,2026-05-30 09:20,N/A,N/A,N/A,N/A,N/A,N/A,N/A,No
NonCerv-000179,non_cervical_biopsy,2026-05-29 15:10,1,small,low,2026-05-29 15:10,2026-05-29 15:10,2026-05-29 21:10,2026-05-29 21:10,2026-05-30 09:00,2026-05-30 09:10,N/A,N/A,N/A,N/A,N/A,N/A,N/A,No
NonCerv-000180,non_cervical_biopsy,2026-05-29 16:22,1,small,low,2026-05-29 16:22,2026-05-29 16:22,2026-05-29 22:22,2026-05-29 22:22,2026-05-30 09:30,2026-05-30 09:40,N/A,N/A,N/A,N/A,N/A,N/A,N/A,No
NonCerv-000181,non_cervical_biopsy,2026-05-29 16:45,1,small,low,2026-05-29 16:45,2026-05-29 16:45,2026-05-29 22:45,2026-05-29 22:45,2026-05-30 09:10,2026-05-30 09:20,N/A,N/A,N/A,N/A,N/A,N/A,N/A,No
NonCerv-000182,non_cervical_biopsy,2026-05-30 09:00,1,small,low,2026-05-30 09:00,2026-05-30 09:00,2026-05-30 15:00,2026-05-30 15:00,N/A,N/A,N/A,N/A,N/A,N/A,N/A,N/A,N/A,No
NonCerv-000183,non_cervical_biopsy,2026-05-30 09:38,1,small,low,2026-05-30 09:38,2026-05-30 09:38,2026-05-30 15:38,2026-05-30 15:38,N/A,N/A,N/A,N/A,N/A,N/A,N/A,N/A,N/A,No
NonCerv-000184,non_cervical_biopsy,2026-05-30 09:53,1,small,low,2026-05-30 09:53,2026-05-30 09:53,2026-05-30 15:53,2026-05-30 15:53,N/A,N/A,N/A,N/A,N/A,N/A,N/A,N/A,N/A,No
NonCerv-000185,non_cervical_biopsy,2026-05-30 10:39,1,small,low,2026-05-30 10:39,2026-05-30 10:39,2026-05-30 16:39,2026-05-30 16:39,N/A,N/A,N/A,N/A,N/A,N/A,N/A,N/A,N/A,No
NonCerv-000186,non_cervical_biopsy,2026-05-30 10:44,1,small,low,2026-05-30 10:44,2026-05-30 10:44,2026-05-30 16:44,2026-05-30 16:44,N/A,N/A,N/A,N/A,N/A,N/A,N/A,N/A,N/A,No
NonCerv-000187,non_cervical_biopsy,2026-05-30 16:21,1,small,low,2026-05-30 16:21,2026-05-30 16:21,2026-05-30 22:21,2026-05-30 22:21,N/A,N/A,N/A,N/A,N/A,N/A,N/A,N/A,N/A,No
NonCerv-000188,non_cervical_biopsy,2026-05-31 09:00,1,small,low,2026-05-31 09:00,2026-05-31 09:00,2026-05-31 15:00,2026-05-31 15:00,N/A,N/A,N/A,N/A,N/A,N/A,N/A,N/A,N/A,No
NonCerv-000189,non_cervical_biopsy,2026-05-31 11:01,1,small,low,2026-05-31 11:01,2026-05-31 11:01,2026-05-31 17:01,2026-05-31 17:01,N/A,N/A,N/A,N/A,N/A,N/A,N/A,N/A,N/A,No
NonCerv-000190,non_cervical_biopsy,2026-05-31 12:43,1,small,low,2026-05-31 12:43,2026-05-31 12:43,2026-05-31 18:43,2026-05-31 18:43,N/A,N/A,N/A,N/A,N/A,N/A,N/A,N/A,N/A,No
NonCerv-000191,non_cervical_biopsy,2026-05-31 12:58,1,small,low,2026-05-31 12:58,2026-05-31 12:58,2026-05-31 18:58,2026-05-31 18:58,N/A,N/A,N/A,N/A,N/A,N/A,N/A,N/A,N/A,No
NonCerv-000192,non_cervical_biopsy,2026-05-31 15:38,1,small,low,2026-05-31 15:38,2026-05-31 15:38,2026-05-31 21:38,2026-05-31 21:38,N/A,N/A,N/A,N/A,N/A,N/A,N/A,N/A,N/A,No
