Patient ID,Type,Arrival,Screening Queue,Screening Start,Screening End,Screening Duration (min),Reporting Queue,Reporting Start,Reporting End,Completed
Pap-000001,pap_smear,2026-05-01 09:00,2026-05-01 09:55,2026-05-01 17:00,2026-05-01 17:10,10.65,2026-05-01 17:10,2026-05-02 10:00,2026-05-02 10:02,Yes
Pap-000002,pap_smear,2026-05-01 14:05,2026-05-01 17:24,2026-05-01 17:24,2026-05-01 17:36,11.63,2026-05-01 17:36,2026-05-02 10:02,2026-05-02 10:04,Yes
Pap-000003,pap_smear,2026-05-02 09:00,2026-05-02 11:31,2026-05-02 13:00,2026-05-02 13:11,11.47,2026-05-02 13:11,2026-05-02 13:11,2026-05-02 13:15,Yes
Pap-000004,pap_smear,2026-05-02 10:23,2026-05-02 11:31,2026-05-02 13:00,2026-05-02 13:17,17.12,2026-05-02 13:17,2026-05-02 13:17,2026-05-02 13:20,Yes
Pap-000005,pap_smear,2026-05-02 10:36,2026-05-02 11:31,2026-05-02 13:17,2026-05-02 13:27,10.49,2026-05-02 13:27,2026-05-02 13:37,2026-05-02 13:41,Yes
Pap-000006,pap_smear,2026-05-02 15:25,2026-05-03 09:55,2026-05-04 17:00,2026-05-04 17:20,20.42,2026-05-04 17:20,2026-05-05 10:02,2026-05-05 10:19,Yes
Pap-000007,pap_smear,2026-05-03 09:00,2026-05-04 09:55,2026-05-04 17:06,2026-05-04 17:37,31.74,2026-05-04 17:37,2026-05-05 10:19,2026-05-05 10:37,Yes
Pap-000008,pap_smear,2026-05-03 09:35,2026-05-04 09:55,2026-05-04 17:14,2026-05-04 17:26,11.84,2026-05-04 17:26,2026-05-05 10:04,2026-05-05 10:08,Yes
Pap-000009,pap_smear,2026-05-03 14:21,2026-05-04 09:55,2026-05-04 17:14,2026-05-04 17:32,17.74,2026-05-04 17:32,2026-05-05 10:12,2026-05-05 10:26,Yes
Pap-000010,pap_smear,2026-05-04 09:00,2026-05-04 09:55,2026-05-04 17:25,2026-05-04 17:31,5.97,2026-05-04 17:31,2026-05-05 10:10,2026-05-05 10:12,Yes
Pap-000011,pap_smear,2026-05-04 09:31,2026-05-04 16:45,2026-05-04 17:26,2026-05-04 18:02,35.96,2026-05-04 18:02,2026-05-05 10:29,2026-05-05 10:42,Yes
Pap-000012,pap_smear,2026-05-04 09:38,2026-05-04 16:45,2026-05-04 17:27,2026-05-04 17:47,20.04,2026-05-04 17:47,2026-05-05 10:26,2026-05-05 10:35,Yes
Pap-000013,pap_smear,2026-05-04 10:46,2026-05-04 16:45,2026-05-04 17:31,2026-05-04 17:44,13.8,2026-05-04 17:44,2026-05-05 10:25,2026-05-05 10:29,Yes
Pap-000014,pap_smear,2026-05-04 13:51,2026-05-04 16:45,2026-05-04 17:32,2026-05-04 17:44,12.08,2026-05-04 17:44,2026-05-05 10:23,2026-05-05 10:25,Yes
Pap-000015,pap_smear,2026-05-05 09:00,2026-05-05 09:55,2026-05-05 17:00,2026-05-05 17:09,9.19,2026-05-05 17:09,2026-05-06 10:00,2026-05-06 10:03,Yes
Pap-000016,pap_smear,2026-05-05 09:40,2026-05-05 14:12,2026-05-05 17:06,2026-05-05 17:17,11.85,2026-05-05 17:17,2026-05-06 10:03,2026-05-06 10:06,Yes
Pap-000017,pap_smear,2026-05-05 11:12,2026-05-05 14:12,2026-05-05 17:09,2026-05-05 17:21,12.67,2026-05-05 17:21,2026-05-06 10:04,2026-05-06 10:07,Yes
Pap-000018,pap_smear,2026-05-05 12:04,2026-05-05 14:12,2026-05-05 17:17,2026-05-05 17:29,11.78,2026-05-05 17:29,2026-05-06 10:07,2026-05-06 10:10,Yes
Pap-000019,pap_smear,2026-05-05 13:17,2026-05-05 14:12,2026-05-05 17:21,2026-05-05 17:55,33.63,2026-05-05 17:55,2026-05-06 10:09,2026-05-06 10:26,Yes
Pap-000020,pap_smear,2026-05-06 09:00,2026-05-06 09:55,2026-05-06 17:00,2026-05-06 17:13,13.06,2026-05-06 17:13,2026-05-07 10:00,2026-05-07 10:02,Yes
Pap-000021,pap_smear,2026-05-06 09:33,2026-05-06 15:28,2026-05-06 17:00,2026-05-06 17:05,5.17,2026-05-06 17:05,2026-05-07 10:00,2026-05-07 10:02,Yes
Pap-000022,pap_smear,2026-05-06 13:03,2026-05-06 15:28,2026-05-06 17:13,2026-05-06 17:25,12.01,2026-05-06 17:25,2026-05-07 10:06,2026-05-07 10:08,Yes
Pap-000023,pap_smear,2026-05-07 09:00,2026-05-07 11:50,2026-05-07 17:00,2026-05-07 17:13,13.67,2026-05-07 17:13,2026-05-08 10:02,2026-05-08 10:04,Yes
Pap-000024,pap_smear,2026-05-07 10:55,2026-05-07 11:50,2026-05-07 17:00,2026-05-07 17:11,11.96,2026-05-07 17:11,2026-05-08 10:00,2026-05-08 10:02,Yes
Pap-000025,pap_smear,2026-05-07 12:11,2026-05-08 10:43,2026-05-08 17:00,2026-05-08 17:08,8.95,2026-05-08 17:08,2026-05-09 10:00,2026-05-09 10:01,Yes
Pap-000026,pap_smear,2026-05-08 09:00,2026-05-08 10:43,2026-05-08 17:00,2026-05-08 17:15,15.28,2026-05-08 17:15,2026-05-09 10:02,2026-05-09 10:06,Yes
Pap-000027,pap_smear,2026-05-08 09:48,2026-05-08 10:43,2026-05-08 17:00,2026-05-08 17:12,12.42,2026-05-08 17:12,2026-05-09 10:01,2026-05-09 10:05,Yes
Pap-000028,pap_smear,2026-05-08 13:10,2026-05-08 16:15,2026-05-08 17:08,2026-05-08 17:16,7.77,2026-05-08 17:16,2026-05-09 10:03,2026-05-09 10:07,Yes
Pap-000029,pap_smear,2026-05-09 09:00,2026-05-09 10:55,2026-05-09 13:00,2026-05-09 13:13,13.33,2026-05-09 13:13,2026-05-09 13:13,2026-05-09 13:17,Yes
Pap-000030,pap_smear,2026-05-09 10:00,2026-05-09 10:55,2026-05-09 13:00,2026-05-09 13:14,14.52,2026-05-09 13:14,2026-05-09 13:15,2026-05-09 13:18,Yes
Pap-000031,pap_smear,2026-05-09 13:05,2026-05-09 17:18,2026-05-09 17:18,2026-05-09 17:35,16.95,2026-05-09 17:35,2026-05-10 10:02,2026-05-10 10:15,Yes
Pap-000032,pap_smear,2026-05-10 09:00,2026-05-10 09:55,2026-05-11 17:00,2026-05-11 17:08,8.28,2026-05-11 17:08,2026-05-12 10:00,2026-05-12 10:04,Yes
Pap-000033,pap_smear,2026-05-10 10:12,2026-05-11 09:35,2026-05-11 17:00,2026-05-11 17:16,16.51,2026-05-11 17:16,2026-05-12 10:03,2026-05-12 10:23,Yes
Pap-000034,pap_smear,2026-05-10 13:48,2026-05-11 10:10,2026-05-11 17:08,2026-05-11 17:22,13.84,2026-05-11 17:22,2026-05-12 10:04,2026-05-12 10:07,Yes
Pap-000035,pap_smear,2026-05-10 13:56,2026-05-11 10:10,2026-05-11 17:15,2026-05-11 17:26,10.92,2026-05-11 17:26,2026-05-12 10:07,2026-05-12 10:09,Yes
Pap-000036,pap_smear,2026-05-10 16:26,2026-05-12 10:36,2026-05-12 17:09,2026-05-12 17:16,6.52,2026-05-12 17:16,2026-05-13 10:04,2026-05-13 10:06,Yes
Pap-000037,pap_smear,2026-05-11 09:00,2026-05-11 10:10,2026-05-11 17:22,2026-05-11 17:28,6.67,2026-05-11 17:28,2026-05-12 10:08,2026-05-12 10:10,Yes
Pap-000038,pap_smear,2026-05-11 09:27,2026-05-13 09:35,2026-05-13 17:00,2026-05-13 17:09,9.25,2026-05-13 17:09,2026-05-14 10:00,2026-05-14 10:03,Yes
Pap-000039,pap_smear,2026-05-11 15:16,2026-05-12 09:35,2026-05-12 17:00,2026-05-12 17:16,16.34,2026-05-12 17:16,2026-05-13 10:03,2026-05-13 10:06,Yes
Pap-000040,pap_smear,2026-05-12 09:00,2026-05-12 10:36,2026-05-12 17:11,2026-05-12 17:36,24.54,2026-05-12 17:36,2026-05-13 10:06,2026-05-13 10:19,Yes
Pap-000041,pap_smear,2026-05-12 09:41,2026-05-12 10:36,2026-05-12 17:16,2026-05-12 17:47,31.62,2026-05-12 17:47,2026-05-13 10:06,2026-05-13 10:17,Yes
Pap-000042,pap_smear,2026-05-12 13:34,2026-05-13 09:35,2026-05-13 17:00,2026-05-13 17:14,14.75,2026-05-13 17:14,2026-05-14 10:01,2026-05-14 10:03,Yes
Pap-000043,pap_smear,2026-05-12 14:13,2026-05-13 09:35,2026-05-13 17:00,2026-05-13 17:08,8.73,2026-05-13 17:08,2026-05-14 10:00,2026-05-14 10:04,Yes
Pap-000044,pap_smear,2026-05-13 09:00,2026-05-14 09:55,2026-05-14 17:00,2026-05-14 17:18,18.08,2026-05-14 17:18,2026-05-15 10:01,2026-05-15 10:03,Yes
Pap-000045,pap_smear,2026-05-14 09:00,2026-05-14 09:55,2026-05-14 17:00,2026-05-14 17:14,14.87,2026-05-14 17:14,2026-05-15 10:00,2026-05-15 10:03,Yes
Pap-000046,pap_smear,2026-05-14 15:47,2026-05-15 09:55,2026-05-15 17:00,2026-05-15 17:05,5.97,2026-05-15 17:05,2026-05-16 10:00,2026-05-16 10:02,Yes
Pap-000047,pap_smear,2026-05-15 09:00,2026-05-16 11:32,2026-05-16 13:00,2026-05-16 13:10,10.8,2026-05-16 13:10,2026-05-16 13:10,2026-05-16 13:13,Yes
Pap-000048,pap_smear,2026-05-15 11:26,2026-05-15 15:04,2026-05-15 17:05,2026-05-15 17:18,12.7,2026-05-15 17:18,2026-05-16 10:02,2026-05-16 10:04,Yes
Pap-000049,pap_smear,2026-05-15 12:26,2026-05-15 15:04,2026-05-15 17:10,2026-05-15 17:22,11.21,2026-05-15 17:22,2026-05-16 10:02,2026-05-16 10:06,Yes
Pap-000050,pap_smear,2026-05-15 15:24,2026-05-15 16:53,2026-05-15 17:18,2026-05-15 17:31,12.98,2026-05-15 17:31,2026-05-16 10:06,2026-05-16 10:08,Yes
Pap-000051,pap_smear,2026-05-15 15:58,2026-05-15 16:53,2026-05-15 17:22,2026-05-15 17:53,31.51,2026-05-15 17:53,2026-05-16 10:07,2026-05-16 10:31,Yes
Pap-000052,pap_smear,2026-05-16 09:00,2026-05-16 11:32,2026-05-16 13:00,2026-05-16 13:13,13.36,2026-05-16 13:13,2026-05-16 13:13,2026-05-16 13:15,Yes
Pap-000053,pap_smear,2026-05-16 14:27,2026-05-17 11:19,2026-05-18 17:00,2026-05-18 17:11,11.99,2026-05-18 17:11,2026-05-19 10:01,2026-05-19 10:03,Yes
Pap-000054,pap_smear,2026-05-17 09:00,2026-05-17 11:19,2026-05-18 17:00,2026-05-18 17:14,14.35,2026-05-18 17:14,2026-05-19 10:03,2026-05-19 10:05,Yes
Pap-000055,pap_smear,2026-05-17 10:24,2026-05-17 11:19,2026-05-18 17:00,2026-05-18 17:08,8.77,2026-05-18 17:08,2026-05-19 10:00,2026-05-19 10:04,Yes
Pap-000056,pap_smear,2026-05-18 09:00,2026-05-18 11:55,2026-05-18 17:08,2026-05-18 17:37,29.03,2026-05-18 17:37,2026-05-19 10:09,2026-05-19 10:19,Yes
Pap-000057,pap_smear,2026-05-18 11:00,2026-05-18 11:55,2026-05-18 17:20,2026-05-18 17:49,29.02,2026-05-18 17:49,2026-05-19 10:12,2026-05-19 10:30,Yes
Pap-000058,pap_smear,2026-05-18 11:56,2026-05-18 14:22,2026-05-18 17:20,2026-05-18 17:58,37.48,2026-05-18 17:58,2026-05-19 10:19,2026-05-19 10:33,Yes
Pap-000059,pap_smear,2026-05-18 14:46,2026-05-19 12:26,2026-05-19 17:00,2026-05-19 17:23,23.38,2026-05-19 17:23,2026-05-20 10:02,2026-05-20 10:21,Yes
Pap-000060,pap_smear,2026-05-19 09:00,2026-05-19 12:26,2026-05-19 17:00,2026-05-19 17:10,10.97,2026-05-19 17:10,2026-05-20 10:00,2026-05-20 10:02,Yes
Pap-000061,pap_smear,2026-05-19 13:46,2026-05-20 09:55,2026-05-20 17:00,2026-05-20 17:10,10.83,2026-05-20 17:10,2026-05-21 10:00,2026-05-21 10:03,Yes
Pap-000062,pap_smear,2026-05-20 09:00,2026-05-20 09:55,2026-05-20 17:00,2026-05-20 17:23,23.84,2026-05-20 17:23,2026-05-21 10:03,2026-05-21 10:15,Yes
Pap-000063,pap_smear,2026-05-20 12:24,2026-05-20 13:40,2026-05-20 17:14,2026-05-20 17:25,10.66,2026-05-20 17:25,2026-05-21 10:06,2026-05-21 10:08,Yes
Pap-000064,pap_smear,2026-05-20 12:26,2026-05-20 13:40,2026-05-20 17:15,2026-05-20 17:25,10.5,2026-05-20 17:25,2026-05-21 10:06,2026-05-21 10:09,Yes
Pap-000065,pap_smear,2026-05-20 12:45,2026-05-21 09:35,2026-05-21 17:00,2026-05-21 17:10,10.78,2026-05-21 17:10,2026-05-22 10:00,2026-05-22 10:04,Yes
Pap-000066,pap_smear,2026-05-21 09:00,2026-05-21 13:14,2026-05-21 17:00,2026-05-21 17:10,10.18,2026-05-21 17:10,2026-05-22 10:00,2026-05-22 10:02,Yes
Pap-000067,pap_smear,2026-05-21 12:19,2026-05-21 13:14,2026-05-21 17:10,2026-05-21 17:21,11.73,2026-05-21 17:21,2026-05-22 10:02,2026-05-22 10:05,Yes
Pap-000068,pap_smear,2026-05-21 16:22,2026-05-22 10:57,2026-05-22 17:00,2026-05-22 17:12,12.39,2026-05-22 17:12,2026-05-23 10:00,2026-05-23 10:01,Yes
Pap-000069,pap_smear,2026-05-22 09:00,2026-05-22 10:57,2026-05-22 17:00,2026-05-22 17:08,8.57,2026-05-22 17:08,2026-05-23 10:00,2026-05-23 10:03,Yes
Pap-000070,pap_smear,2026-05-22 10:02,2026-05-22 10:57,2026-05-22 17:00,2026-05-22 17:08,8.35,2026-05-22 17:08,2026-05-23 10:00,2026-05-23 10:03,Yes
Pap-000071,pap_smear,2026-05-22 10:48,2026-05-22 17:02,2026-05-22 17:08,2026-05-22 17:24,15.68,2026-05-22 17:24,2026-05-23 10:07,2026-05-23 10:11,Yes
Pap-000072,pap_smear,2026-05-22 15:28,2026-05-22 17:02,2026-05-22 17:12,2026-05-22 17:22,10.07,2026-05-22 17:22,2026-05-23 10:04,2026-05-23 10:08,Yes
Pap-000073,pap_smear,2026-05-23 09:00,2026-05-23 09:55,2026-05-23 13:00,2026-05-23 13:25,25.84,2026-05-23 13:25,2026-05-23 13:25,2026-05-23 13:36,Yes
Pap-000074,pap_smear,2026-05-23 11:51,2026-05-23 15:27,2026-05-23 17:00,2026-05-23 17:11,11.56,2026-05-23 17:11,2026-05-24 10:01,2026-05-24 10:05,Yes
Pap-000075,pap_smear,2026-05-23 14:22,2026-05-23 15:27,2026-05-23 17:00,2026-05-23 17:10,10.13,2026-05-23 17:10,2026-05-24 10:00,2026-05-24 10:01,Yes
Pap-000076,pap_smear,2026-05-24 09:00,2026-05-26 11:00,2026-05-26 17:06,2026-05-26 17:17,11.25,2026-05-26 17:17,2026-05-27 10:02,2026-05-27 10:03,Yes
Pap-000077,pap_smear,2026-05-24 12:13,2026-05-25 09:55,2026-05-25 17:08,2026-05-25 17:32,24.63,2026-05-25 17:32,2026-05-26 10:03,2026-05-26 10:17,Yes
Pap-000078,pap_smear,2026-05-24 15:07,2026-05-25 09:55,2026-05-25 17:10,2026-05-25 17:31,20.88,2026-05-25 17:31,2026-05-26 10:02,2026-05-26 10:23,Yes
Pap-000079,pap_smear,2026-05-25 09:00,2026-05-26 09:35,2026-05-26 17:00,2026-05-26 17:06,6.73,2026-05-26 17:06,2026-05-27 10:00,2026-05-27 10:02,Yes
Pap-000080,pap_smear,2026-05-26 09:00,2026-05-26 11:00,2026-05-26 17:07,2026-05-26 17:23,16.04,2026-05-26 17:23,2026-05-27 10:03,2026-05-27 10:07,Yes
Pap-000081,pap_smear,2026-05-26 09:27,2026-05-26 11:00,2026-05-26 17:11,2026-05-26 17:20,9.53,2026-05-26 17:20,2026-05-27 10:02,2026-05-27 10:06,Yes
Pap-000082,pap_smear,2026-05-26 10:05,2026-05-26 11:00,2026-05-26 17:17,2026-05-26 17:29,11.76,2026-05-26 17:29,2026-05-27 10:06,2026-05-27 10:10,Yes
Pap-000083,pap_smear,2026-05-26 10:09,2026-05-26 11:57,2026-05-26 17:20,2026-05-26 17:33,12.98,2026-05-26 17:33,2026-05-27 10:10,2026-05-27 10:12,Yes
Pap-000084,pap_smear,2026-05-26 12:04,2026-05-27 09:55,2026-05-27 17:00,2026-05-27 17:10,10.77,2026-05-27 17:10,2026-05-28 10:00,2026-05-28 10:04,Yes
Pap-000085,pap_smear,2026-05-26 13:37,2026-05-27 09:55,2026-05-27 17:00,2026-05-27 17:15,15.22,2026-05-27 17:15,2026-05-28 10:02,2026-05-28 10:05,Yes
Pap-000086,pap_smear,2026-05-27 09:00,2026-05-27 09:55,2026-05-27 17:00,2026-05-27 17:06,6.07,2026-05-27 17:06,2026-05-28 10:00,2026-05-28 10:02,Yes
Pap-000087,pap_smear,2026-05-28 09:00,2026-05-29 09:55,2026-05-29 17:00,2026-05-29 17:15,15.63,2026-05-29 17:15,2026-05-30 10:02,2026-05-30 10:05,Yes
Pap-000088,pap_smear,2026-05-28 09:10,2026-05-29 09:55,2026-05-29 17:00,2026-05-29 17:07,7.2,2026-05-29 17:07,2026-05-30 10:00,2026-05-30 10:02,Yes
Pap-000089,pap_smear,2026-05-29 09:00,2026-05-29 09:55,2026-05-29 17:00,2026-05-29 17:08,8.91,2026-05-29 17:08,2026-05-30 10:00,2026-05-30 10:03,Yes
Pap-000090,pap_smear,2026-05-29 13:50,2026-05-29 15:52,2026-05-29 17:10,2026-05-29 17:23,12.5,2026-05-29 17:23,2026-05-30 10:05,2026-05-30 10:08,Yes
Pap-000091,pap_smear,2026-05-29 14:03,2026-05-29 15:52,2026-05-29 17:15,2026-05-29 17:36,21.05,2026-05-29 17:36,2026-05-30 10:08,2026-05-30 10:29,Yes
Pap-000092,pap_smear,2026-05-30 09:00,2026-05-31 09:55,N/A,N/A,N/A,N/A,N/A,N/A,No
Pap-000093,pap_smear,2026-05-30 16:27,2026-05-31 09:55,N/A,N/A,N/A,N/A,N/A,N/A,No
Pap-000094,pap_smear,2026-05-31 09:00,N/A,N/A,N/A,N/A,N/A,N/A,N/A,No
Pap-000095,pap_smear,2026-05-31 12:42,N/A,N/A,N/A,N/A,N/A,N/A,N/A,No
Pap-000096,pap_smear,2026-05-31 13:14,N/A,N/A,N/A,N/A,N/A,N/A,N/A,No
Pap-000097,pap_smear,2026-05-31 15:33,N/A,N/A,N/A,N/A,N/A,N/A,N/A,No
NonPap-000001,non_pap_smear,2026-05-01 09:00,2026-05-02 09:55,2026-05-02 13:00,2026-05-02 13:24,24.77,2026-05-02 13:24,2026-05-02 13:24,2026-05-02 13:43,Yes
NonPap-000002,non_pap_smear,2026-05-01 09:57,2026-05-02 09:55,2026-05-02 13:00,2026-05-02 13:17,17.5,2026-05-02 13:17,2026-05-02 13:17,2026-05-02 13:37,Yes
NonPap-000003,non_pap_smear,2026-05-01 10:13,2026-05-01 14:19,2026-05-01 17:00,2026-05-01 17:19,19.98,2026-05-01 17:19,2026-05-02 10:00,2026-05-02 10:07,Yes
NonPap-000004,non_pap_smear,2026-05-01 11:20,2026-05-01 14:19,2026-05-01 17:00,2026-05-01 17:14,14.53,2026-05-01 17:14,2026-05-02 10:00,2026-05-02 10:02,Yes
NonPap-000005,non_pap_smear,2026-05-01 13:24,2026-05-01 14:19,2026-05-01 17:10,2026-05-01 17:20,9.85,2026-05-01 17:20,2026-05-02 10:02,2026-05-02 10:05,Yes
NonPap-000006,non_pap_smear,2026-05-01 16:29,2026-05-01 17:24,2026-05-01 17:24,2026-05-01 17:52,27.59,2026-05-01 17:52,2026-05-02 10:04,2026-05-02 10:17,Yes
NonPap-000007,non_pap_smear,2026-05-02 09:00,2026-05-02 11:31,2026-05-02 13:00,2026-05-02 13:27,27.03,2026-05-02 13:27,2026-05-02 13:27,2026-05-02 13:44,Yes
NonPap-000008,non_pap_smear,2026-05-02 10:35,2026-05-02 11:31,2026-05-02 13:11,2026-05-02 13:19,8.21,2026-05-02 13:19,2026-05-02 13:19,2026-05-02 13:22,Yes
NonPap-000009,non_pap_smear,2026-05-02 11:00,2026-05-03 09:55,2026-05-04 17:00,2026-05-04 17:25,25.18,2026-05-04 17:25,2026-05-05 10:03,2026-05-05 10:23,Yes
NonPap-000010,non_pap_smear,2026-05-02 12:25,2026-05-02 13:20,2026-05-02 13:20,2026-05-02 13:31,10.12,2026-05-02 13:31,2026-05-02 13:41,2026-05-02 13:44,Yes
NonPap-000011,non_pap_smear,2026-05-02 13:51,2026-05-03 09:55,2026-05-04 17:00,2026-05-04 17:06,6.18,2026-05-04 17:06,2026-05-05 10:00,2026-05-05 10:04,Yes
NonPap-000012,non_pap_smear,2026-05-02 15:02,2026-05-03 09:55,2026-05-04 17:00,2026-05-04 17:14,14.53,2026-05-04 17:14,2026-05-05 10:00,2026-05-05 10:03,Yes
NonPap-000013,non_pap_smear,2026-05-03 09:00,2026-05-03 09:55,2026-05-04 17:00,2026-05-04 17:14,14.62,2026-05-04 17:14,2026-05-05 10:00,2026-05-05 10:02,Yes
NonPap-000014,non_pap_smear,2026-05-04 09:00,2026-05-04 09:55,2026-05-04 17:20,2026-05-04 17:27,6.83,2026-05-04 17:27,2026-05-05 10:08,2026-05-05 10:10,Yes
NonPap-000015,non_pap_smear,2026-05-04 15:50,2026-05-06 09:55,2026-05-06 17:00,2026-05-06 17:22,22.97,2026-05-06 17:22,2026-05-07 10:05,2026-05-07 10:20,Yes
NonPap-000016,non_pap_smear,2026-05-04 16:42,2026-05-05 09:55,2026-05-05 17:00,2026-05-05 17:06,6.02,2026-05-05 17:06,2026-05-06 10:00,2026-05-06 10:04,Yes
NonPap-000017,non_pap_smear,2026-05-05 09:00,2026-05-05 10:30,2026-05-05 17:00,2026-05-05 17:26,26.16,2026-05-05 17:26,2026-05-06 10:04,2026-05-06 10:25,Yes
NonPap-000018,non_pap_smear,2026-05-05 09:11,2026-05-05 10:30,2026-05-05 17:00,2026-05-05 17:17,17.23,2026-05-05 17:17,2026-05-06 10:00,2026-05-06 10:04,Yes
NonPap-000019,non_pap_smear,2026-05-05 11:40,2026-05-05 14:12,2026-05-05 17:17,2026-05-05 17:28,11.22,2026-05-05 17:28,2026-05-06 10:06,2026-05-06 10:09,Yes
NonPap-000020,non_pap_smear,2026-05-05 13:39,2026-05-06 09:55,2026-05-06 17:00,2026-05-06 17:07,7.01,2026-05-06 17:07,2026-05-07 10:00,2026-05-07 10:03,Yes
NonPap-000021,non_pap_smear,2026-05-06 09:00,2026-05-06 09:55,2026-05-06 17:00,2026-05-06 17:16,16.51,2026-05-06 17:16,2026-05-07 10:02,2026-05-07 10:06,Yes
NonPap-000022,non_pap_smear,2026-05-06 10:07,2026-05-06 15:28,2026-05-06 17:05,2026-05-06 17:15,10.33,2026-05-06 17:15,2026-05-07 10:02,2026-05-07 10:07,Yes
NonPap-000023,non_pap_smear,2026-05-06 10:10,2026-05-06 15:28,2026-05-06 17:07,2026-05-06 17:19,12.3,2026-05-06 17:19,2026-05-07 10:03,2026-05-07 10:05,Yes
NonPap-000024,non_pap_smear,2026-05-06 14:33,2026-05-06 15:28,2026-05-06 17:15,2026-05-06 17:25,9.63,2026-05-06 17:25,2026-05-07 10:07,2026-05-07 10:10,Yes
NonPap-000025,non_pap_smear,2026-05-06 15:06,2026-05-07 11:50,2026-05-07 17:00,2026-05-07 17:11,11.99,2026-05-07 17:11,2026-05-08 10:00,2026-05-08 10:02,Yes
NonPap-000026,non_pap_smear,2026-05-07 09:00,2026-05-07 11:50,2026-05-07 17:00,2026-05-07 17:11,11.51,2026-05-07 17:11,2026-05-08 10:00,2026-05-08 10:02,Yes
NonPap-000027,non_pap_smear,2026-05-07 10:22,2026-05-07 11:50,2026-05-07 17:00,2026-05-07 17:14,14.14,2026-05-07 17:14,2026-05-08 10:02,2026-05-08 10:05,Yes
NonPap-000028,non_pap_smear,2026-05-07 16:36,2026-05-08 10:43,2026-05-08 17:00,2026-05-08 17:09,9.31,2026-05-08 17:09,2026-05-09 10:00,2026-05-09 10:02,Yes
NonPap-000029,non_pap_smear,2026-05-08 09:00,2026-05-08 10:43,2026-05-08 17:00,2026-05-08 17:10,10.64,2026-05-08 17:10,2026-05-09 10:00,2026-05-09 10:03,Yes
NonPap-000030,non_pap_smear,2026-05-08 14:32,2026-05-08 16:15,2026-05-08 17:09,2026-05-08 17:20,11.14,2026-05-08 17:20,2026-05-09 10:05,2026-05-09 10:09,Yes
NonPap-000031,non_pap_smear,2026-05-08 15:20,2026-05-09 10:55,2026-05-09 13:00,2026-05-09 13:18,18.51,2026-05-09 13:18,2026-05-09 13:18,2026-05-09 13:36,Yes
NonPap-000032,non_pap_smear,2026-05-08 15:54,2026-05-09 10:55,2026-05-09 13:00,2026-05-09 13:12,12.77,2026-05-09 13:12,2026-05-09 13:12,2026-05-09 13:16,Yes
NonPap-000033,non_pap_smear,2026-05-09 09:00,2026-05-09 10:55,2026-05-09 13:00,2026-05-09 13:12,12.35,2026-05-09 13:12,2026-05-09 13:12,2026-05-09 13:15,Yes
NonPap-000034,non_pap_smear,2026-05-09 13:06,2026-05-09 17:18,2026-05-09 17:18,2026-05-09 17:29,10.25,2026-05-09 17:29,2026-05-10 10:00,2026-05-10 10:01,Yes
NonPap-000035,non_pap_smear,2026-05-09 13:54,2026-05-09 17:18,2026-05-09 17:18,2026-05-09 17:34,15.46,2026-05-09 17:34,2026-05-10 10:01,2026-05-10 10:05,Yes
NonPap-000036,non_pap_smear,2026-05-09 16:00,2026-05-09 17:18,2026-05-09 17:18,2026-05-09 17:32,13.21,2026-05-09 17:32,2026-05-10 10:00,2026-05-10 10:02,Yes
NonPap-000037,non_pap_smear,2026-05-09 16:23,2026-05-09 17:18,2026-05-09 17:18,2026-05-09 17:32,13.19,2026-05-09 17:32,2026-05-10 10:00,2026-05-10 10:03,Yes
NonPap-000038,non_pap_smear,2026-05-09 16:28,2026-05-13 09:35,2026-05-13 17:00,2026-05-13 17:25,25.41,2026-05-13 17:25,2026-05-14 10:03,2026-05-14 10:12,Yes
NonPap-000039,non_pap_smear,2026-05-10 09:00,2026-05-12 09:35,2026-05-12 17:00,2026-05-12 17:10,10.25,2026-05-12 17:10,2026-05-13 10:00,2026-05-13 10:04,Yes
NonPap-000040,non_pap_smear,2026-05-10 10:37,2026-05-11 09:35,2026-05-11 17:00,2026-05-11 17:07,7.24,2026-05-11 17:07,2026-05-12 10:00,2026-05-12 10:04,Yes
NonPap-000041,non_pap_smear,2026-05-10 11:54,2026-05-11 09:35,2026-05-11 17:07,2026-05-11 17:15,7.92,2026-05-11 17:15,2026-05-12 10:00,2026-05-12 10:03,Yes
NonPap-000042,non_pap_smear,2026-05-10 13:48,2026-05-11 09:35,2026-05-11 17:07,2026-05-11 17:21,13.94,2026-05-11 17:21,2026-05-12 10:04,2026-05-12 10:08,Yes
NonPap-000043,non_pap_smear,2026-05-11 09:00,2026-05-11 10:10,2026-05-11 17:21,2026-05-11 17:31,10.53,2026-05-11 17:31,2026-05-12 10:09,2026-05-12 10:11,Yes
NonPap-000044,non_pap_smear,2026-05-11 09:13,2026-05-12 09:35,2026-05-12 17:00,2026-05-12 17:09,9.47,2026-05-12 17:09,2026-05-13 10:00,2026-05-13 10:04,Yes
NonPap-000045,non_pap_smear,2026-05-11 13:33,2026-05-12 09:35,2026-05-12 17:00,2026-05-12 17:09,9.86,2026-05-12 17:09,2026-05-13 10:00,2026-05-13 10:03,Yes
NonPap-000046,non_pap_smear,2026-05-12 09:00,2026-05-12 10:36,2026-05-12 17:10,2026-05-12 17:26,15.96,2026-05-12 17:26,2026-05-13 10:04,2026-05-13 10:06,Yes
NonPap-000047,non_pap_smear,2026-05-12 15:34,2026-05-13 09:35,2026-05-13 17:00,2026-05-13 17:13,13.31,2026-05-13 17:13,2026-05-14 10:00,2026-05-14 10:01,Yes
NonPap-000048,non_pap_smear,2026-05-13 09:00,2026-05-14 09:55,2026-05-14 17:00,2026-05-14 17:08,8.55,2026-05-14 17:08,2026-05-15 10:00,2026-05-15 10:02,Yes
NonPap-000049,non_pap_smear,2026-05-13 09:45,2026-05-15 09:55,2026-05-15 17:00,2026-05-15 17:12,12.99,2026-05-15 17:12,2026-05-16 10:00,2026-05-16 10:02,Yes
NonPap-000050,non_pap_smear,2026-05-13 16:55,2026-05-14 09:55,2026-05-14 17:00,2026-05-14 17:14,14.09,2026-05-14 17:14,2026-05-15 10:00,2026-05-15 10:01,Yes
NonPap-000051,non_pap_smear,2026-05-14 09:00,2026-05-15 09:55,2026-05-15 17:00,2026-05-15 17:14,14.66,2026-05-15 17:14,2026-05-16 10:02,2026-05-16 10:03,Yes
NonPap-000052,non_pap_smear,2026-05-15 09:00,2026-05-15 09:55,2026-05-15 17:00,2026-05-15 17:13,13.15,2026-05-15 17:13,2026-05-16 10:00,2026-05-16 10:02,Yes
NonPap-000053,non_pap_smear,2026-05-15 12:29,2026-05-15 15:04,2026-05-15 17:12,2026-05-15 17:27,14.96,2026-05-15 17:27,2026-05-16 10:04,2026-05-16 10:06,Yes
NonPap-000054,non_pap_smear,2026-05-15 14:09,2026-05-15 16:53,2026-05-15 17:13,2026-05-15 17:40,27.23,2026-05-15 17:40,2026-05-16 10:06,2026-05-16 10:18,Yes
NonPap-000055,non_pap_smear,2026-05-15 15:09,2026-05-15 16:53,2026-05-15 17:14,2026-05-15 17:24,9.53,2026-05-15 17:24,2026-05-16 10:03,2026-05-16 10:07,Yes
NonPap-000056,non_pap_smear,2026-05-16 09:00,2026-05-16 11:32,2026-05-16 13:00,2026-05-16 13:16,16.61,2026-05-16 13:16,2026-05-16 13:16,2026-05-16 13:20,Yes
NonPap-000057,non_pap_smear,2026-05-16 09:59,2026-05-16 11:32,2026-05-16 13:00,2026-05-16 13:11,11.15,2026-05-16 13:11,2026-05-16 13:11,2026-05-16 13:13,Yes
NonPap-000058,non_pap_smear,2026-05-16 10:37,2026-05-16 11:32,2026-05-16 13:00,2026-05-16 13:08,8.08,2026-05-16 13:08,2026-05-16 13:08,2026-05-16 13:10,Yes
NonPap-000059,non_pap_smear,2026-05-16 12:46,2026-05-17 11:19,2026-05-18 17:00,2026-05-18 17:08,8.65,2026-05-18 17:08,2026-05-19 10:00,2026-05-19 10:03,Yes
NonPap-000060,non_pap_smear,2026-05-17 09:00,2026-05-17 11:19,2026-05-18 17:00,2026-05-18 17:06,6.83,2026-05-18 17:06,2026-05-19 10:00,2026-05-19 10:01,Yes
NonPap-000061,non_pap_smear,2026-05-17 11:42,2026-05-18 09:35,2026-05-18 17:06,2026-05-18 17:20,13.76,2026-05-18 17:20,2026-05-19 10:04,2026-05-19 10:06,Yes
NonPap-000062,non_pap_smear,2026-05-17 15:46,2026-05-18 09:35,2026-05-18 17:08,2026-05-18 17:33,25.02,2026-05-18 17:33,2026-05-19 10:06,2026-05-19 10:20,Yes
NonPap-000063,non_pap_smear,2026-05-18 09:00,2026-05-18 11:55,2026-05-18 17:11,2026-05-18 17:20,8.64,2026-05-18 17:20,2026-05-19 10:05,2026-05-19 10:09,Yes
NonPap-000064,non_pap_smear,2026-05-18 09:13,2026-05-18 11:55,2026-05-18 17:14,2026-05-18 17:20,6.22,2026-05-18 17:20,2026-05-19 10:03,2026-05-19 10:05,Yes
NonPap-000065,non_pap_smear,2026-05-18 10:27,2026-05-18 11:55,2026-05-18 17:20,2026-05-18 17:32,11.87,2026-05-18 17:32,2026-05-19 10:05,2026-05-19 10:09,Yes
NonPap-000066,non_pap_smear,2026-05-18 12:16,2026-05-18 14:22,2026-05-18 17:32,2026-05-18 17:37,5.53,2026-05-18 17:37,2026-05-19 10:09,2026-05-19 10:12,Yes
NonPap-000067,non_pap_smear,2026-05-18 13:27,2026-05-19 12:26,2026-05-19 17:00,2026-05-19 17:32,32.17,2026-05-19 17:32,2026-05-20 10:02,2026-05-20 10:19,Yes
NonPap-000068,non_pap_smear,2026-05-19 09:00,2026-05-19 12:26,2026-05-19 17:00,2026-05-19 17:14,14.31,2026-05-19 17:14,2026-05-20 10:00,2026-05-20 10:02,Yes
NonPap-000069,non_pap_smear,2026-05-19 11:31,2026-05-19 12:26,2026-05-19 17:00,2026-05-19 17:12,12.82,2026-05-19 17:12,2026-05-20 10:00,2026-05-20 10:03,Yes
NonPap-000070,non_pap_smear,2026-05-19 13:05,2026-05-20 09:55,2026-05-20 17:00,2026-05-20 17:15,15.44,2026-05-20 17:15,2026-05-21 10:03,2026-05-21 10:06,Yes
NonPap-000071,non_pap_smear,2026-05-19 14:34,2026-05-20 09:55,2026-05-20 17:00,2026-05-20 17:09,9.38,2026-05-20 17:09,2026-05-21 10:00,2026-05-21 10:03,Yes
NonPap-000072,non_pap_smear,2026-05-19 16:15,2026-05-20 09:55,2026-05-20 17:00,2026-05-20 17:14,14.56,2026-05-20 17:14,2026-05-21 10:00,2026-05-21 10:03,Yes
NonPap-000073,non_pap_smear,2026-05-20 09:00,2026-05-20 13:40,2026-05-20 17:09,2026-05-20 17:26,16.71,2026-05-20 17:26,2026-05-21 10:08,2026-05-21 10:11,Yes
NonPap-000074,non_pap_smear,2026-05-20 10:56,2026-05-20 13:40,2026-05-20 17:10,2026-05-20 17:22,11.27,2026-05-20 17:22,2026-05-21 10:03,2026-05-21 10:06,Yes
NonPap-000075,non_pap_smear,2026-05-20 13:33,2026-05-21 09:35,2026-05-21 17:00,2026-05-21 17:29,29.82,2026-05-21 17:29,2026-05-22 10:04,2026-05-22 10:23,Yes
NonPap-000076,non_pap_smear,2026-05-21 09:00,2026-05-21 13:14,2026-05-21 17:00,2026-05-21 17:09,9.98,2026-05-21 17:09,2026-05-22 10:00,2026-05-22 10:01,Yes
NonPap-000077,non_pap_smear,2026-05-21 10:53,2026-05-21 13:14,2026-05-21 17:00,2026-05-21 17:13,13.26,2026-05-21 17:13,2026-05-22 10:01,2026-05-22 10:03,Yes
NonPap-000078,non_pap_smear,2026-05-21 12:16,2026-05-21 13:14,2026-05-21 17:09,2026-05-21 17:24,14.64,2026-05-21 17:24,2026-05-22 10:03,2026-05-22 10:06,Yes
NonPap-000079,non_pap_smear,2026-05-21 13:18,2026-05-22 10:57,2026-05-22 17:00,2026-05-22 17:13,13.37,2026-05-22 17:13,2026-05-23 10:03,2026-05-23 10:07,Yes
NonPap-000080,non_pap_smear,2026-05-22 09:00,2026-05-22 10:57,2026-05-22 17:00,2026-05-22 17:12,12.74,2026-05-22 17:12,2026-05-23 10:01,2026-05-23 10:04,Yes
NonPap-000081,non_pap_smear,2026-05-22 11:30,2026-05-22 17:02,2026-05-22 17:08,2026-05-22 17:19,11.02,2026-05-22 17:19,2026-05-23 10:03,2026-05-23 10:07,Yes
NonPap-000082,non_pap_smear,2026-05-22 14:38,2026-05-22 17:02,2026-05-22 17:12,2026-05-22 17:23,11.32,2026-05-22 17:23,2026-05-23 10:07,2026-05-23 10:09,Yes
NonPap-000083,non_pap_smear,2026-05-22 16:07,2026-05-23 09:55,2026-05-23 13:00,2026-05-23 13:23,23.09,2026-05-23 13:23,2026-05-23 13:23,2026-05-23 13:35,Yes
NonPap-000084,non_pap_smear,2026-05-23 09:00,2026-05-23 09:55,2026-05-23 13:00,2026-05-23 13:15,15.26,2026-05-23 13:15,2026-05-23 13:15,2026-05-23 13:18,Yes
NonPap-000085,non_pap_smear,2026-05-23 14:14,2026-05-23 15:27,2026-05-23 17:00,2026-05-23 17:06,6.46,2026-05-23 17:06,2026-05-24 10:00,2026-05-24 10:02,Yes
NonPap-000086,non_pap_smear,2026-05-23 14:22,2026-05-23 15:27,2026-05-23 17:00,2026-05-23 17:12,12.69,2026-05-23 17:12,2026-05-24 10:02,2026-05-24 10:05,Yes
NonPap-000087,non_pap_smear,2026-05-23 14:32,2026-05-23 15:27,2026-05-23 17:00,2026-05-23 17:09,9.15,2026-05-23 17:09,2026-05-24 10:00,2026-05-24 10:04,Yes
NonPap-000088,non_pap_smear,2026-05-23 15:05,2026-05-24 11:05,2026-05-25 17:00,2026-05-25 17:10,10.27,2026-05-25 17:10,2026-05-26 10:00,2026-05-26 10:02,Yes
NonPap-000089,non_pap_smear,2026-05-23 16:12,2026-05-24 11:05,2026-05-25 17:00,2026-05-25 17:08,8.27,2026-05-25 17:08,2026-05-26 10:00,2026-05-26 10:01,Yes
NonPap-000090,non_pap_smear,2026-05-24 09:00,2026-05-24 11:05,2026-05-25 17:00,2026-05-25 17:11,11.14,2026-05-25 17:11,2026-05-26 10:01,2026-05-26 10:04,Yes
NonPap-000091,non_pap_smear,2026-05-24 10:10,2026-05-24 11:05,2026-05-25 17:00,2026-05-25 17:10,10.91,2026-05-25 17:10,2026-05-26 10:00,2026-05-26 10:03,Yes
NonPap-000092,non_pap_smear,2026-05-25 09:00,2026-05-26 09:35,2026-05-26 17:00,2026-05-26 17:33,33.61,2026-05-26 17:33,2026-05-27 10:07,2026-05-27 10:15,Yes
NonPap-000093,non_pap_smear,2026-05-25 11:39,2026-05-26 09:35,2026-05-26 17:00,2026-05-26 17:07,7.3,2026-05-26 17:07,2026-05-27 10:00,2026-05-27 10:02,Yes
NonPap-000094,non_pap_smear,2026-05-25 14:56,2026-05-26 09:35,2026-05-26 17:00,2026-05-26 17:11,11.12,2026-05-26 17:11,2026-05-27 10:01,2026-05-27 10:04,Yes
NonPap-000095,non_pap_smear,2026-05-25 16:45,2026-05-26 09:35,2026-05-26 17:00,2026-05-26 17:10,10.12,2026-05-26 17:10,2026-05-27 10:00,2026-05-27 10:01,Yes
NonPap-000096,non_pap_smear,2026-05-26 09:00,2026-05-26 11:00,2026-05-26 17:10,2026-05-26 17:25,15.71,2026-05-26 17:25,2026-05-27 10:04,2026-05-27 10:07,Yes
NonPap-000097,non_pap_smear,2026-05-26 10:50,2026-05-26 11:57,2026-05-26 17:23,2026-05-26 17:30,7.66,2026-05-26 17:30,2026-05-27 10:07,2026-05-27 10:10,Yes
NonPap-000098,non_pap_smear,2026-05-26 11:02,2026-05-26 12:32,2026-05-26 17:25,2026-05-26 17:46,20.47,2026-05-26 17:46,2026-05-27 10:10,2026-05-27 10:22,Yes
NonPap-000099,non_pap_smear,2026-05-26 11:05,2026-05-26 12:32,2026-05-26 17:29,2026-05-26 17:55,25.36,2026-05-26 17:55,2026-05-27 10:12,2026-05-27 10:26,Yes
NonPap-000100,non_pap_smear,2026-05-26 13:54,2026-05-27 09:55,2026-05-27 17:00,2026-05-27 17:10,10.95,2026-05-27 17:10,2026-05-28 10:00,2026-05-28 10:02,Yes
NonPap-000101,non_pap_smear,2026-05-27 09:00,2026-05-27 09:55,2026-05-27 17:00,2026-05-27 17:15,15.64,2026-05-27 17:15,2026-05-28 10:02,2026-05-28 10:07,Yes
NonPap-000102,non_pap_smear,2026-05-27 12:50,2026-05-27 16:13,2026-05-27 17:06,2026-05-27 17:36,30.59,2026-05-27 17:36,2026-05-28 10:05,2026-05-28 10:14,Yes
NonPap-000103,non_pap_smear,2026-05-27 15:18,2026-05-27 16:13,2026-05-27 17:10,2026-05-27 17:17,6.95,2026-05-27 17:17,2026-05-28 10:04,2026-05-28 10:07,Yes
NonPap-000104,non_pap_smear,2026-05-28 09:00,2026-05-29 09:55,2026-05-29 17:00,2026-05-29 17:10,10.69,2026-05-29 17:10,2026-05-30 10:00,2026-05-30 10:03,Yes
NonPap-000105,non_pap_smear,2026-05-28 09:43,2026-05-29 09:55,2026-05-29 17:00,2026-05-29 17:16,16.07,2026-05-29 17:16,2026-05-30 10:03,2026-05-30 10:04,Yes
NonPap-000106,non_pap_smear,2026-05-29 09:00,2026-05-29 15:52,2026-05-29 17:07,2026-05-29 17:22,15.79,2026-05-29 17:22,2026-05-30 10:04,2026-05-30 10:09,Yes
NonPap-000107,non_pap_smear,2026-05-29 12:30,2026-05-29 15:52,2026-05-29 17:08,2026-05-29 17:21,12.24,2026-05-29 17:21,2026-05-30 10:03,2026-05-30 10:06,Yes
NonPap-000108,non_pap_smear,2026-05-29 14:57,2026-05-29 15:52,2026-05-29 17:16,2026-05-29 17:28,11.95,2026-05-29 17:28,2026-05-30 10:06,2026-05-30 10:09,Yes
NonPap-000109,non_pap_smear,2026-05-29 16:58,2026-05-31 09:55,N/A,N/A,N/A,N/A,N/A,N/A,No
NonPap-000110,non_pap_smear,2026-05-30 09:00,2026-05-31 09:55,N/A,N/A,N/A,N/A,N/A,N/A,No
NonPap-000111,non_pap_smear,2026-05-31 09:00,2026-05-31 09:55,N/A,N/A,N/A,N/A,N/A,N/A,No
NonPap-000112,non_pap_smear,2026-05-31 11:22,N/A,N/A,N/A,N/A,N/A,N/A,N/A,No
