Slide ID,Patient ID,Tracking ID,Original Slide ID,Restain Attempt,Restain Reason,Fixation Queue,Fixation Start,Fixation End,Staining Queue,Staining Start,Staining End
Pap-000001-S1,Pap-000001,Pap-000001,Pap-000001-S1,0,,2026-05-01 09:00,2026-05-01 09:00,2026-05-01 09:20,2026-05-01 09:20,2026-05-01 09:20,2026-05-01 09:55
NonPap-000001-S1,NonPap-000001,NonPap-000001,NonPap-000001-S1,0,,2026-05-01 09:00,2026-05-01 09:00,2026-05-01 09:20,2026-05-01 09:20,2026-05-01 09:20,2026-05-01 09:55
NonPap-000001-S2,NonPap-000001,NonPap-000001,NonPap-000001-S2,0,,2026-05-01 09:00,2026-05-01 09:00,2026-05-01 09:20,2026-05-01 09:20,2026-05-01 09:20,2026-05-01 09:55
NonPap-000001-S3,NonPap-000001,NonPap-000001,NonPap-000001-S3,0,,2026-05-01 09:00,2026-05-01 09:00,2026-05-01 09:20,2026-05-01 09:20,2026-05-01 09:20,2026-05-01 09:55
NonPap-000001-S4,NonPap-000001,NonPap-000001,NonPap-000001-S4,0,,2026-05-01 09:00,2026-05-01 09:00,2026-05-01 09:20,2026-05-01 09:20,2026-05-01 09:20,2026-05-01 09:55
NonPap-000002-S1,NonPap-000002,NonPap-000002,NonPap-000002-S1,0,,2026-05-01 09:57,2026-05-01 09:57,2026-05-01 10:17,2026-05-01 10:17,2026-05-01 10:33,2026-05-01 11:08
NonPap-000002-S2,NonPap-000002,NonPap-000002,NonPap-000002-S2,0,,2026-05-01 09:57,2026-05-01 09:57,2026-05-01 10:17,2026-05-01 10:17,2026-05-01 10:33,2026-05-01 11:08
NonPap-000002-S3,NonPap-000002,NonPap-000002,NonPap-000002-S3,0,,2026-05-01 09:57,2026-05-01 09:57,2026-05-01 10:17,2026-05-01 10:17,2026-05-01 10:33,2026-05-01 11:08
NonPap-000002-S4,NonPap-000002,NonPap-000002,NonPap-000002-S4,0,,2026-05-01 09:57,2026-05-01 09:57,2026-05-01 10:17,2026-05-01 10:17,2026-05-01 10:33,2026-05-01 11:08
NonPap-000003-S1,NonPap-000003,NonPap-000003,NonPap-000003-S1,0,,2026-05-01 10:13,2026-05-01 10:13,2026-05-01 10:33,2026-05-01 10:33,2026-05-01 10:33,2026-05-01 11:08
NonPap-000003-S2,NonPap-000003,NonPap-000003,NonPap-000003-S2,0,,2026-05-01 10:13,2026-05-01 10:13,2026-05-01 10:33,2026-05-01 10:33,2026-05-01 13:44,2026-05-01 14:19
NonPap-000003-S3,NonPap-000003,NonPap-000003,NonPap-000003-S3,0,,2026-05-01 10:13,2026-05-01 10:13,2026-05-01 10:33,2026-05-01 10:33,2026-05-01 13:44,2026-05-01 14:19
NonPap-000003-S4,NonPap-000003,NonPap-000003,NonPap-000003-S4,0,,2026-05-01 10:13,2026-05-01 10:13,2026-05-01 10:33,2026-05-01 10:33,2026-05-01 13:44,2026-05-01 14:19
NonPap-000004-S1,NonPap-000004,NonPap-000004,NonPap-000004-S1,0,,2026-05-01 11:20,2026-05-01 11:20,2026-05-01 11:40,2026-05-01 11:40,2026-05-01 13:44,2026-05-01 14:19
NonPap-000005-S1,NonPap-000005,NonPap-000005,NonPap-000005-S1,0,,2026-05-01 13:24,2026-05-01 13:24,2026-05-01 13:44,2026-05-01 13:44,2026-05-01 13:44,2026-05-01 14:19
Pap-000002-S1,Pap-000002,Pap-000002,Pap-000002-S1,0,,2026-05-01 14:05,2026-05-01 14:05,2026-05-01 14:25,2026-05-01 14:25,2026-05-01 16:49,2026-05-01 17:24
NonPap-000006-S1,NonPap-000006,NonPap-000006,NonPap-000006-S1,0,,2026-05-01 16:29,2026-05-01 16:29,2026-05-01 16:49,2026-05-01 16:49,2026-05-01 16:49,2026-05-01 17:24
NonPap-000006-S2,NonPap-000006,NonPap-000006,NonPap-000006-S2,0,,2026-05-01 16:29,2026-05-01 16:29,2026-05-01 16:49,2026-05-01 16:49,2026-05-01 16:49,2026-05-01 17:24
NonPap-000006-S3,NonPap-000006,NonPap-000006,NonPap-000006-S3,0,,2026-05-01 16:29,2026-05-01 16:29,2026-05-01 16:49,2026-05-01 16:49,2026-05-01 16:49,2026-05-01 17:24
NonPap-000006-S4,NonPap-000006,NonPap-000006,NonPap-000006-S4,0,,2026-05-01 16:29,2026-05-01 16:29,2026-05-01 16:49,2026-05-01 16:49,2026-05-01 16:49,2026-05-01 17:24
NonPap-000002-S4-R1,NonPap-000002,NonPap-000002-R1,NonPap-000002-S4,1,senior_pathologist,N/A,N/A,N/A,2026-05-01 17:19,2026-05-02 09:20,2026-05-02 09:55
NonPap-000001-S4-R1,NonPap-000001,NonPap-000001-R1,NonPap-000001-S4,1,senior_pathologist,N/A,N/A,N/A,2026-05-01 17:25,2026-05-02 09:20,2026-05-02 09:55
NonPap-000007-S1,NonPap-000007,NonPap-000007,NonPap-000007-S1,0,,2026-05-02 09:00,2026-05-02 09:00,2026-05-02 09:20,2026-05-02 09:20,2026-05-02 09:20,2026-05-02 09:55
NonPap-000007-S2,NonPap-000007,NonPap-000007,NonPap-000007-S2,0,,2026-05-02 09:00,2026-05-02 09:00,2026-05-02 09:20,2026-05-02 09:20,2026-05-02 09:20,2026-05-02 09:55
NonPap-000007-S3,NonPap-000007,NonPap-000007,NonPap-000007-S3,0,,2026-05-02 09:00,2026-05-02 09:00,2026-05-02 09:20,2026-05-02 09:20,2026-05-02 09:20,2026-05-02 09:55
NonPap-000007-S4,NonPap-000007,NonPap-000007,NonPap-000007-S4,0,,2026-05-02 09:00,2026-05-02 09:00,2026-05-02 09:20,2026-05-02 09:20,2026-05-02 10:56,2026-05-02 11:31
Pap-000003-S1,Pap-000003,Pap-000003,Pap-000003-S1,0,,2026-05-02 09:00,2026-05-02 09:00,2026-05-02 09:20,2026-05-02 09:20,2026-05-02 10:56,2026-05-02 11:31
Pap-000004-S1,Pap-000004,Pap-000004,Pap-000004-S1,0,,2026-05-02 10:23,2026-05-02 10:23,2026-05-02 10:43,2026-05-02 10:43,2026-05-02 10:56,2026-05-02 11:31
NonPap-000008-S1,NonPap-000008,NonPap-000008,NonPap-000008-S1,0,,2026-05-02 10:35,2026-05-02 10:35,2026-05-02 10:55,2026-05-02 10:55,2026-05-02 10:56,2026-05-02 11:31
Pap-000005-S1,Pap-000005,Pap-000005,Pap-000005-S1,0,,2026-05-02 10:36,2026-05-02 10:36,2026-05-02 10:56,2026-05-02 10:56,2026-05-02 10:56,2026-05-02 11:31
NonPap-000009-S1,NonPap-000009,NonPap-000009,NonPap-000009-S1,0,,2026-05-02 11:00,2026-05-02 11:00,2026-05-02 11:20,2026-05-02 11:20,2026-05-02 12:45,2026-05-02 13:20
NonPap-000009-S2,NonPap-000009,NonPap-000009,NonPap-000009-S2,0,,2026-05-02 11:00,2026-05-02 11:00,2026-05-02 11:20,2026-05-02 11:20,2026-05-02 12:45,2026-05-02 13:20
NonPap-000009-S3,NonPap-000009,NonPap-000009,NonPap-000009-S3,0,,2026-05-02 11:00,2026-05-02 11:00,2026-05-02 11:20,2026-05-02 11:20,2026-05-02 12:45,2026-05-02 13:20
NonPap-000009-S4,NonPap-000009,NonPap-000009,NonPap-000009-S4,0,,2026-05-02 11:00,2026-05-02 11:00,2026-05-02 11:20,2026-05-02 11:20,2026-05-02 12:45,2026-05-02 13:20
NonPap-000010-S1,NonPap-000010,NonPap-000010,NonPap-000010-S1,0,,2026-05-02 12:25,2026-05-02 12:25,2026-05-02 12:45,2026-05-02 12:45,2026-05-02 12:45,2026-05-02 13:20
NonPap-000009-S1-R1,NonPap-000009,NonPap-000009-R1,NonPap-000009-S1,1,senior_pathologist,N/A,N/A,N/A,2026-05-02 13:49,2026-05-03 09:20,2026-05-03 09:55
NonPap-000011-S1,NonPap-000011,NonPap-000011,NonPap-000011-S1,0,,2026-05-02 13:51,2026-05-02 13:51,2026-05-02 14:11,2026-05-02 14:11,2026-05-03 09:20,2026-05-03 09:55
NonPap-000012-S1,NonPap-000012,NonPap-000012,NonPap-000012-S1,0,,2026-05-02 15:02,2026-05-02 15:02,2026-05-02 15:22,2026-05-02 15:22,2026-05-03 09:20,2026-05-03 09:55
Pap-000006-S1,Pap-000006,Pap-000006,Pap-000006-S1,0,,2026-05-02 15:25,2026-05-02 15:25,2026-05-02 15:45,2026-05-02 15:45,2026-05-03 09:20,2026-05-03 09:55
NonPap-000013-S1,NonPap-000013,NonPap-000013,NonPap-000013-S1,0,,2026-05-03 09:00,2026-05-03 09:00,2026-05-03 09:20,2026-05-03 09:20,2026-05-03 09:20,2026-05-03 09:55
Pap-000007-S1,Pap-000007,Pap-000007,Pap-000007-S1,0,,2026-05-03 09:00,2026-05-03 09:00,2026-05-03 09:20,2026-05-03 09:20,2026-05-04 09:20,2026-05-04 09:55
Pap-000008-S1,Pap-000008,Pap-000008,Pap-000008-S1,0,,2026-05-03 09:35,2026-05-03 09:35,2026-05-03 09:55,2026-05-03 09:55,2026-05-04 09:20,2026-05-04 09:55
Pap-000009-S1,Pap-000009,Pap-000009,Pap-000009-S1,0,,2026-05-03 14:21,2026-05-03 14:21,2026-05-03 14:41,2026-05-03 14:41,2026-05-04 09:20,2026-05-04 09:55
NonPap-000014-S1,NonPap-000014,NonPap-000014,NonPap-000014-S1,0,,2026-05-04 09:00,2026-05-04 09:00,2026-05-04 09:20,2026-05-04 09:20,2026-05-04 09:20,2026-05-04 09:55
Pap-000010-S1,Pap-000010,Pap-000010,Pap-000010-S1,0,,2026-05-04 09:00,2026-05-04 09:00,2026-05-04 09:20,2026-05-04 09:20,2026-05-04 09:20,2026-05-04 09:55
Pap-000011-S1,Pap-000011,Pap-000011,Pap-000011-S1,0,,2026-05-04 09:31,2026-05-04 09:31,2026-05-04 09:51,2026-05-04 09:51,2026-05-04 16:10,2026-05-04 16:45
Pap-000012-S1,Pap-000012,Pap-000012,Pap-000012-S1,0,,2026-05-04 09:38,2026-05-04 09:38,2026-05-04 09:58,2026-05-04 09:58,2026-05-04 16:10,2026-05-04 16:45
Pap-000013-S1,Pap-000013,Pap-000013,Pap-000013-S1,0,,2026-05-04 10:46,2026-05-04 10:46,2026-05-04 11:06,2026-05-04 11:06,2026-05-04 16:10,2026-05-04 16:45
Pap-000014-S1,Pap-000014,Pap-000014,Pap-000014-S1,0,,2026-05-04 13:51,2026-05-04 13:51,2026-05-04 14:11,2026-05-04 14:11,2026-05-04 16:10,2026-05-04 16:45
NonPap-000015-S1,NonPap-000015,NonPap-000015,NonPap-000015-S1,0,,2026-05-04 15:50,2026-05-04 15:50,2026-05-04 16:10,2026-05-04 16:10,2026-05-04 16:10,2026-05-04 16:45
NonPap-000015-S2,NonPap-000015,NonPap-000015,NonPap-000015-S2,0,,2026-05-04 15:50,2026-05-04 15:50,2026-05-04 16:10,2026-05-04 16:10,2026-05-05 09:20,2026-05-05 09:55
NonPap-000015-S3,NonPap-000015,NonPap-000015,NonPap-000015-S3,0,,2026-05-04 15:50,2026-05-04 15:50,2026-05-04 16:10,2026-05-04 16:10,2026-05-05 09:20,2026-05-05 09:55
NonPap-000015-S4,NonPap-000015,NonPap-000015,NonPap-000015-S4,0,,2026-05-04 15:50,2026-05-04 15:50,2026-05-04 16:10,2026-05-04 16:10,2026-05-05 09:20,2026-05-05 09:55
NonPap-000016-S1,NonPap-000016,NonPap-000016,NonPap-000016-S1,0,,2026-05-04 16:42,2026-05-04 16:42,2026-05-04 17:02,2026-05-04 17:02,2026-05-05 09:20,2026-05-05 09:55
Pap-000015-S1,Pap-000015,Pap-000015,Pap-000015-S1,0,,2026-05-05 09:00,2026-05-05 09:00,2026-05-05 09:20,2026-05-05 09:20,2026-05-05 09:20,2026-05-05 09:55
NonPap-000017-S1,NonPap-000017,NonPap-000017,NonPap-000017-S1,0,,2026-05-05 09:00,2026-05-05 09:00,2026-05-05 09:20,2026-05-05 09:20,2026-05-05 09:55,2026-05-05 10:30
NonPap-000017-S2,NonPap-000017,NonPap-000017,NonPap-000017-S2,0,,2026-05-05 09:00,2026-05-05 09:00,2026-05-05 09:20,2026-05-05 09:20,2026-05-05 09:55,2026-05-05 10:30
NonPap-000017-S3,NonPap-000017,NonPap-000017,NonPap-000017-S3,0,,2026-05-05 09:00,2026-05-05 09:00,2026-05-05 09:20,2026-05-05 09:20,2026-05-05 09:55,2026-05-05 10:30
NonPap-000017-S4,NonPap-000017,NonPap-000017,NonPap-000017-S4,0,,2026-05-05 09:00,2026-05-05 09:00,2026-05-05 09:20,2026-05-05 09:20,2026-05-05 09:55,2026-05-05 10:30
NonPap-000018-S1,NonPap-000018,NonPap-000018,NonPap-000018-S1,0,,2026-05-05 09:11,2026-05-05 09:11,2026-05-05 09:31,2026-05-05 09:31,2026-05-05 09:55,2026-05-05 10:30
Pap-000016-S1,Pap-000016,Pap-000016,Pap-000016-S1,0,,2026-05-05 09:40,2026-05-05 09:40,2026-05-05 10:00,2026-05-05 10:00,2026-05-05 13:37,2026-05-05 14:12
Pap-000017-S1,Pap-000017,Pap-000017,Pap-000017-S1,0,,2026-05-05 11:12,2026-05-05 11:12,2026-05-05 11:32,2026-05-05 11:32,2026-05-05 13:37,2026-05-05 14:12
NonPap-000019-S1,NonPap-000019,NonPap-000019,NonPap-000019-S1,0,,2026-05-05 11:40,2026-05-05 11:40,2026-05-05 12:00,2026-05-05 12:00,2026-05-05 13:37,2026-05-05 14:12
Pap-000018-S1,Pap-000018,Pap-000018,Pap-000018-S1,0,,2026-05-05 12:04,2026-05-05 12:04,2026-05-05 12:24,2026-05-05 12:24,2026-05-05 13:37,2026-05-05 14:12
Pap-000019-S1,Pap-000019,Pap-000019,Pap-000019-S1,0,,2026-05-05 13:17,2026-05-05 13:17,2026-05-05 13:37,2026-05-05 13:37,2026-05-05 13:37,2026-05-05 14:12
NonPap-000020-S1,NonPap-000020,NonPap-000020,NonPap-000020-S1,0,,2026-05-05 13:39,2026-05-05 13:39,2026-05-05 13:59,2026-05-05 13:59,2026-05-06 09:20,2026-05-06 09:55
NonPap-000015-S1-R1,NonPap-000015,NonPap-000015-R1,NonPap-000015-S1,1,senior_pathologist,N/A,N/A,N/A,2026-05-05 17:34,2026-05-06 09:20,2026-05-06 09:55
NonPap-000015-S4-R1,NonPap-000015,NonPap-000015-R1,NonPap-000015-S4,1,senior_pathologist,N/A,N/A,N/A,2026-05-05 17:34,2026-05-06 09:20,2026-05-06 09:55
Pap-000020-S1,Pap-000020,Pap-000020,Pap-000020-S1,0,,2026-05-06 09:00,2026-05-06 09:00,2026-05-06 09:20,2026-05-06 09:20,2026-05-06 09:20,2026-05-06 09:55
NonPap-000021-S1,NonPap-000021,NonPap-000021,NonPap-000021-S1,0,,2026-05-06 09:00,2026-05-06 09:00,2026-05-06 09:20,2026-05-06 09:20,2026-05-06 09:20,2026-05-06 09:55
Pap-000021-S1,Pap-000021,Pap-000021,Pap-000021-S1,0,,2026-05-06 09:33,2026-05-06 09:33,2026-05-06 09:53,2026-05-06 09:53,2026-05-06 14:53,2026-05-06 15:28
NonPap-000022-S1,NonPap-000022,NonPap-000022,NonPap-000022-S1,0,,2026-05-06 10:07,2026-05-06 10:07,2026-05-06 10:27,2026-05-06 10:27,2026-05-06 14:53,2026-05-06 15:28
NonPap-000023-S1,NonPap-000023,NonPap-000023,NonPap-000023-S1,0,,2026-05-06 10:10,2026-05-06 10:10,2026-05-06 10:30,2026-05-06 10:30,2026-05-06 14:53,2026-05-06 15:28
Pap-000022-S1,Pap-000022,Pap-000022,Pap-000022-S1,0,,2026-05-06 13:03,2026-05-06 13:03,2026-05-06 13:23,2026-05-06 13:23,2026-05-06 14:53,2026-05-06 15:28
NonPap-000024-S1,NonPap-000024,NonPap-000024,NonPap-000024-S1,0,,2026-05-06 14:33,2026-05-06 14:33,2026-05-06 14:53,2026-05-06 14:53,2026-05-06 14:53,2026-05-06 15:28
NonPap-000025-S1,NonPap-000025,NonPap-000025,NonPap-000025-S1,0,,2026-05-06 15:06,2026-05-06 15:06,2026-05-06 15:26,2026-05-06 15:26,2026-05-07 11:15,2026-05-07 11:50
Pap-000023-S1,Pap-000023,Pap-000023,Pap-000023-S1,0,,2026-05-07 09:00,2026-05-07 09:00,2026-05-07 09:20,2026-05-07 09:20,2026-05-07 11:15,2026-05-07 11:50
NonPap-000026-S1,NonPap-000026,NonPap-000026,NonPap-000026-S1,0,,2026-05-07 09:00,2026-05-07 09:00,2026-05-07 09:20,2026-05-07 09:20,2026-05-07 11:15,2026-05-07 11:50
NonPap-000027-S1,NonPap-000027,NonPap-000027,NonPap-000027-S1,0,,2026-05-07 10:22,2026-05-07 10:22,2026-05-07 10:42,2026-05-07 10:42,2026-05-07 11:15,2026-05-07 11:50
Pap-000024-S1,Pap-000024,Pap-000024,Pap-000024-S1,0,,2026-05-07 10:55,2026-05-07 10:55,2026-05-07 11:15,2026-05-07 11:15,2026-05-07 11:15,2026-05-07 11:50
Pap-000025-S1,Pap-000025,Pap-000025,Pap-000025-S1,0,,2026-05-07 12:11,2026-05-07 12:11,2026-05-07 12:31,2026-05-07 12:31,2026-05-08 10:08,2026-05-08 10:43
NonPap-000028-S1,NonPap-000028,NonPap-000028,NonPap-000028-S1,0,,2026-05-07 16:36,2026-05-07 16:36,2026-05-07 16:56,2026-05-07 16:56,2026-05-08 10:08,2026-05-08 10:43
Pap-000026-S1,Pap-000026,Pap-000026,Pap-000026-S1,0,,2026-05-08 09:00,2026-05-08 09:00,2026-05-08 09:20,2026-05-08 09:20,2026-05-08 10:08,2026-05-08 10:43
NonPap-000029-S1,NonPap-000029,NonPap-000029,NonPap-000029-S1,0,,2026-05-08 09:00,2026-05-08 09:00,2026-05-08 09:20,2026-05-08 09:20,2026-05-08 10:08,2026-05-08 10:43
Pap-000027-S1,Pap-000027,Pap-000027,Pap-000027-S1,0,,2026-05-08 09:48,2026-05-08 09:48,2026-05-08 10:08,2026-05-08 10:08,2026-05-08 10:08,2026-05-08 10:43
Pap-000028-S1,Pap-000028,Pap-000028,Pap-000028-S1,0,,2026-05-08 13:10,2026-05-08 13:10,2026-05-08 13:30,2026-05-08 13:30,2026-05-08 15:40,2026-05-08 16:15
NonPap-000030-S1,NonPap-000030,NonPap-000030,NonPap-000030-S1,0,,2026-05-08 14:32,2026-05-08 14:32,2026-05-08 14:52,2026-05-08 14:52,2026-05-08 15:40,2026-05-08 16:15
NonPap-000031-S1,NonPap-000031,NonPap-000031,NonPap-000031-S1,0,,2026-05-08 15:20,2026-05-08 15:20,2026-05-08 15:40,2026-05-08 15:40,2026-05-08 15:40,2026-05-08 16:15
NonPap-000031-S2,NonPap-000031,NonPap-000031,NonPap-000031-S2,0,,2026-05-08 15:20,2026-05-08 15:20,2026-05-08 15:40,2026-05-08 15:40,2026-05-08 15:40,2026-05-08 16:15
NonPap-000031-S3,NonPap-000031,NonPap-000031,NonPap-000031-S3,0,,2026-05-08 15:20,2026-05-08 15:20,2026-05-08 15:40,2026-05-08 15:40,2026-05-08 15:40,2026-05-08 16:15
NonPap-000031-S4,NonPap-000031,NonPap-000031,NonPap-000031-S4,0,,2026-05-08 15:20,2026-05-08 15:20,2026-05-08 15:40,2026-05-08 15:40,2026-05-09 10:20,2026-05-09 10:55
NonPap-000032-S1,NonPap-000032,NonPap-000032,NonPap-000032-S1,0,,2026-05-08 15:54,2026-05-08 15:54,2026-05-08 16:14,2026-05-08 16:14,2026-05-09 10:20,2026-05-09 10:55
Pap-000029-S1,Pap-000029,Pap-000029,Pap-000029-S1,0,,2026-05-09 09:00,2026-05-09 09:00,2026-05-09 09:20,2026-05-09 09:20,2026-05-09 10:20,2026-05-09 10:55
NonPap-000033-S1,NonPap-000033,NonPap-000033,NonPap-000033-S1,0,,2026-05-09 09:00,2026-05-09 09:00,2026-05-09 09:20,2026-05-09 09:20,2026-05-09 10:20,2026-05-09 10:55
Pap-000030-S1,Pap-000030,Pap-000030,Pap-000030-S1,0,,2026-05-09 10:00,2026-05-09 10:00,2026-05-09 10:20,2026-05-09 10:20,2026-05-09 10:20,2026-05-09 10:55
Pap-000031-S1,Pap-000031,Pap-000031,Pap-000031-S1,0,,2026-05-09 13:05,2026-05-09 13:05,2026-05-09 13:25,2026-05-09 13:25,2026-05-09 16:43,2026-05-09 17:18
NonPap-000034-S1,NonPap-000034,NonPap-000034,NonPap-000034-S1,0,,2026-05-09 13:06,2026-05-09 13:06,2026-05-09 13:26,2026-05-09 13:26,2026-05-09 16:43,2026-05-09 17:18
NonPap-000035-S1,NonPap-000035,NonPap-000035,NonPap-000035-S1,0,,2026-05-09 13:54,2026-05-09 13:54,2026-05-09 14:14,2026-05-09 14:14,2026-05-09 16:43,2026-05-09 17:18
NonPap-000036-S1,NonPap-000036,NonPap-000036,NonPap-000036-S1,0,,2026-05-09 16:00,2026-05-09 16:00,2026-05-09 16:20,2026-05-09 16:20,2026-05-09 16:43,2026-05-09 17:18
NonPap-000037-S1,NonPap-000037,NonPap-000037,NonPap-000037-S1,0,,2026-05-09 16:23,2026-05-09 16:23,2026-05-09 16:43,2026-05-09 16:43,2026-05-09 16:43,2026-05-09 17:18
NonPap-000038-S1,NonPap-000038,NonPap-000038,NonPap-000038-S1,0,,2026-05-09 16:28,2026-05-09 16:28,2026-05-09 16:48,2026-05-09 16:48,2026-05-10 09:20,2026-05-10 09:55
NonPap-000038-S2,NonPap-000038,NonPap-000038,NonPap-000038-S2,0,,2026-05-09 16:28,2026-05-09 16:28,2026-05-09 16:48,2026-05-09 16:48,2026-05-10 09:20,2026-05-10 09:55
NonPap-000038-S3,NonPap-000038,NonPap-000038,NonPap-000038-S3,0,,2026-05-09 16:28,2026-05-09 16:28,2026-05-09 16:48,2026-05-09 16:48,2026-05-10 09:20,2026-05-10 09:55
NonPap-000038-S4,NonPap-000038,NonPap-000038,NonPap-000038-S4,0,,2026-05-09 16:28,2026-05-09 16:28,2026-05-09 16:48,2026-05-09 16:48,2026-05-10 09:20,2026-05-10 09:55
Pap-000032-S1,Pap-000032,Pap-000032,Pap-000032-S1,0,,2026-05-10 09:00,2026-05-10 09:00,2026-05-10 09:20,2026-05-10 09:20,2026-05-10 09:20,2026-05-10 09:55
NonPap-000039-S1,NonPap-000039,NonPap-000039,NonPap-000039-S1,0,,2026-05-10 09:00,2026-05-10 09:00,2026-05-10 09:20,2026-05-10 09:20,2026-05-11 09:00,2026-05-11 09:35
Pap-000033-S1,Pap-000033,Pap-000033,Pap-000033-S1,0,,2026-05-10 10:12,2026-05-10 10:12,2026-05-10 10:32,2026-05-10 10:32,2026-05-11 09:00,2026-05-11 09:35
NonPap-000040-S1,NonPap-000040,NonPap-000040,NonPap-000040-S1,0,,2026-05-10 10:37,2026-05-10 10:37,2026-05-10 10:57,2026-05-10 10:57,2026-05-11 09:00,2026-05-11 09:35
NonPap-000041-S1,NonPap-000041,NonPap-000041,NonPap-000041-S1,0,,2026-05-10 11:54,2026-05-10 11:54,2026-05-10 12:14,2026-05-10 12:14,2026-05-11 09:00,2026-05-11 09:35
NonPap-000042-S1,NonPap-000042,NonPap-000042,NonPap-000042-S1,0,,2026-05-10 13:48,2026-05-10 13:48,2026-05-10 14:08,2026-05-10 14:08,2026-05-11 09:00,2026-05-11 09:35
Pap-000034-S1,Pap-000034,Pap-000034,Pap-000034-S1,0,,2026-05-10 13:48,2026-05-10 13:48,2026-05-10 14:08,2026-05-10 14:08,2026-05-11 09:35,2026-05-11 10:10
Pap-000035-S1,Pap-000035,Pap-000035,Pap-000035-S1,0,,2026-05-10 13:56,2026-05-10 13:56,2026-05-10 14:16,2026-05-10 14:16,2026-05-11 09:35,2026-05-11 10:10
Pap-000036-S1,Pap-000036,Pap-000036,Pap-000036-S1,0,,2026-05-10 16:26,2026-05-10 16:26,2026-05-10 16:46,2026-05-10 16:46,2026-05-11 09:35,2026-05-11 10:10
NonPap-000043-S1,NonPap-000043,NonPap-000043,NonPap-000043-S1,0,,2026-05-11 09:00,2026-05-11 09:00,2026-05-11 09:20,2026-05-11 09:20,2026-05-11 09:35,2026-05-11 10:10
Pap-000037-S1,Pap-000037,Pap-000037,Pap-000037-S1,0,,2026-05-11 09:00,2026-05-11 09:00,2026-05-11 09:20,2026-05-11 09:20,2026-05-11 09:35,2026-05-11 10:10
NonPap-000044-S1,NonPap-000044,NonPap-000044,NonPap-000044-S1,0,,2026-05-11 09:13,2026-05-11 09:13,2026-05-11 09:33,2026-05-11 09:33,2026-05-12 09:00,2026-05-12 09:35
Pap-000038-S1,Pap-000038,Pap-000038,Pap-000038-S1,0,,2026-05-11 09:27,2026-05-11 09:27,2026-05-11 09:47,2026-05-11 09:47,2026-05-12 09:00,2026-05-12 09:35
NonPap-000045-S1,NonPap-000045,NonPap-000045,NonPap-000045-S1,0,,2026-05-11 13:33,2026-05-11 13:33,2026-05-11 13:53,2026-05-11 13:53,2026-05-12 09:00,2026-05-12 09:35
Pap-000039-S1,Pap-000039,Pap-000039,Pap-000039-S1,0,,2026-05-11 15:16,2026-05-11 15:16,2026-05-11 15:36,2026-05-11 15:36,2026-05-12 09:00,2026-05-12 09:35
NonPap-000039-S1-R1,NonPap-000039,NonPap-000039-R1,NonPap-000039-S1,1,senior_pathologist,N/A,N/A,N/A,2026-05-11 17:07,2026-05-12 09:00,2026-05-12 09:35
NonPap-000038-S3-R1,NonPap-000038,NonPap-000038-R1,NonPap-000038-S3,1,senior_pathologist,N/A,N/A,N/A,2026-05-11 17:26,2026-05-12 10:01,2026-05-12 10:36
Pap-000036-S1-R1,Pap-000036,Pap-000036-R1,Pap-000036-S1,1,senior_pathologist,N/A,N/A,N/A,2026-05-11 17:27,2026-05-12 10:01,2026-05-12 10:36
NonPap-000046-S1,NonPap-000046,NonPap-000046,NonPap-000046-S1,0,,2026-05-12 09:00,2026-05-12 09:00,2026-05-12 09:20,2026-05-12 09:20,2026-05-12 10:01,2026-05-12 10:36
Pap-000040-S1,Pap-000040,Pap-000040,Pap-000040-S1,0,,2026-05-12 09:00,2026-05-12 09:00,2026-05-12 09:20,2026-05-12 09:20,2026-05-12 10:01,2026-05-12 10:36
Pap-000041-S1,Pap-000041,Pap-000041,Pap-000041-S1,0,,2026-05-12 09:41,2026-05-12 09:41,2026-05-12 10:01,2026-05-12 10:01,2026-05-12 10:01,2026-05-12 10:36
Pap-000042-S1,Pap-000042,Pap-000042,Pap-000042-S1,0,,2026-05-12 13:34,2026-05-12 13:34,2026-05-12 13:54,2026-05-12 13:54,2026-05-13 09:00,2026-05-13 09:35
Pap-000043-S1,Pap-000043,Pap-000043,Pap-000043-S1,0,,2026-05-12 14:13,2026-05-12 14:13,2026-05-12 14:33,2026-05-12 14:33,2026-05-13 09:00,2026-05-13 09:35
NonPap-000047-S1,NonPap-000047,NonPap-000047,NonPap-000047-S1,0,,2026-05-12 15:34,2026-05-12 15:34,2026-05-12 15:54,2026-05-12 15:54,2026-05-13 09:00,2026-05-13 09:35
Pap-000038-S1-R1,Pap-000038,Pap-000038-R1,Pap-000038-S1,1,senior_pathologist,N/A,N/A,N/A,2026-05-12 17:11,2026-05-13 09:00,2026-05-13 09:35
NonPap-000038-S3-R2,NonPap-000038,NonPap-000038-R2,NonPap-000038-S3-R1,2,senior_pathologist,N/A,N/A,N/A,2026-05-12 17:33,2026-05-13 09:00,2026-05-13 09:35
Pap-000044-S1,Pap-000044,Pap-000044,Pap-000044-S1,0,,2026-05-13 09:00,2026-05-13 09:00,2026-05-13 09:20,2026-05-13 09:20,2026-05-14 09:20,2026-05-14 09:55
NonPap-000048-S1,NonPap-000048,NonPap-000048,NonPap-000048-S1,0,,2026-05-13 09:00,2026-05-13 09:00,2026-05-13 09:20,2026-05-13 09:20,2026-05-14 09:20,2026-05-14 09:55
NonPap-000049-S1,NonPap-000049,NonPap-000049,NonPap-000049-S1,0,,2026-05-13 09:45,2026-05-13 09:45,2026-05-13 10:05,2026-05-13 10:05,2026-05-14 09:20,2026-05-14 09:55
NonPap-000050-S1,NonPap-000050,NonPap-000050,NonPap-000050-S1,0,,2026-05-13 16:55,2026-05-13 16:55,2026-05-13 17:15,2026-05-13 17:15,2026-05-14 09:20,2026-05-14 09:55
Pap-000045-S1,Pap-000045,Pap-000045,Pap-000045-S1,0,,2026-05-14 09:00,2026-05-14 09:00,2026-05-14 09:20,2026-05-14 09:20,2026-05-14 09:20,2026-05-14 09:55
NonPap-000051-S1,NonPap-000051,NonPap-000051,NonPap-000051-S1,0,,2026-05-14 09:00,2026-05-14 09:00,2026-05-14 09:20,2026-05-14 09:20,2026-05-15 09:20,2026-05-15 09:55
Pap-000046-S1,Pap-000046,Pap-000046,Pap-000046-S1,0,,2026-05-14 15:47,2026-05-14 15:47,2026-05-14 16:07,2026-05-14 16:07,2026-05-15 09:20,2026-05-15 09:55
NonPap-000049-S1-R1,NonPap-000049,NonPap-000049-R1,NonPap-000049-S1,1,senior_pathologist,N/A,N/A,N/A,2026-05-14 17:17,2026-05-15 09:20,2026-05-15 09:55
NonPap-000052-S1,NonPap-000052,NonPap-000052,NonPap-000052-S1,0,,2026-05-15 09:00,2026-05-15 09:00,2026-05-15 09:20,2026-05-15 09:20,2026-05-15 09:20,2026-05-15 09:55
Pap-000047-S1,Pap-000047,Pap-000047,Pap-000047-S1,0,,2026-05-15 09:00,2026-05-15 09:00,2026-05-15 09:20,2026-05-15 09:20,2026-05-15 09:20,2026-05-15 09:55
Pap-000048-S1,Pap-000048,Pap-000048,Pap-000048-S1,0,,2026-05-15 11:26,2026-05-15 11:26,2026-05-15 11:46,2026-05-15 11:46,2026-05-15 14:29,2026-05-15 15:04
Pap-000049-S1,Pap-000049,Pap-000049,Pap-000049-S1,0,,2026-05-15 12:26,2026-05-15 12:26,2026-05-15 12:46,2026-05-15 12:46,2026-05-15 14:29,2026-05-15 15:04
NonPap-000053-S1,NonPap-000053,NonPap-000053,NonPap-000053-S1,0,,2026-05-15 12:29,2026-05-15 12:29,2026-05-15 12:49,2026-05-15 12:49,2026-05-15 14:29,2026-05-15 15:04
NonPap-000054-S1,NonPap-000054,NonPap-000054,NonPap-000054-S1,0,,2026-05-15 14:09,2026-05-15 14:09,2026-05-15 14:29,2026-05-15 14:29,2026-05-15 14:29,2026-05-15 15:04
NonPap-000054-S2,NonPap-000054,NonPap-000054,NonPap-000054-S2,0,,2026-05-15 14:09,2026-05-15 14:09,2026-05-15 14:29,2026-05-15 14:29,2026-05-15 14:29,2026-05-15 15:04
NonPap-000054-S3,NonPap-000054,NonPap-000054,NonPap-000054-S3,0,,2026-05-15 14:09,2026-05-15 14:09,2026-05-15 14:29,2026-05-15 14:29,2026-05-15 16:18,2026-05-15 16:53
NonPap-000054-S4,NonPap-000054,NonPap-000054,NonPap-000054-S4,0,,2026-05-15 14:09,2026-05-15 14:09,2026-05-15 14:29,2026-05-15 14:29,2026-05-15 16:18,2026-05-15 16:53
NonPap-000055-S1,NonPap-000055,NonPap-000055,NonPap-000055-S1,0,,2026-05-15 15:09,2026-05-15 15:09,2026-05-15 15:29,2026-05-15 15:29,2026-05-15 16:18,2026-05-15 16:53
Pap-000050-S1,Pap-000050,Pap-000050,Pap-000050-S1,0,,2026-05-15 15:24,2026-05-15 15:24,2026-05-15 15:44,2026-05-15 15:44,2026-05-15 16:18,2026-05-15 16:53
Pap-000051-S1,Pap-000051,Pap-000051,Pap-000051-S1,0,,2026-05-15 15:58,2026-05-15 15:58,2026-05-15 16:18,2026-05-15 16:18,2026-05-15 16:18,2026-05-15 16:53
Pap-000047-S1-R1,Pap-000047,Pap-000047-R1,Pap-000047-S1,1,senior_pathologist,N/A,N/A,N/A,2026-05-15 17:10,2026-05-16 10:57,2026-05-16 11:32
NonPap-000056-S1,NonPap-000056,NonPap-000056,NonPap-000056-S1,0,,2026-05-16 09:00,2026-05-16 09:00,2026-05-16 09:20,2026-05-16 09:20,2026-05-16 10:57,2026-05-16 11:32
Pap-000052-S1,Pap-000052,Pap-000052,Pap-000052-S1,0,,2026-05-16 09:00,2026-05-16 09:00,2026-05-16 09:20,2026-05-16 09:20,2026-05-16 10:57,2026-05-16 11:32
NonPap-000057-S1,NonPap-000057,NonPap-000057,NonPap-000057-S1,0,,2026-05-16 09:59,2026-05-16 09:59,2026-05-16 10:19,2026-05-16 10:19,2026-05-16 10:57,2026-05-16 11:32
NonPap-000058-S1,NonPap-000058,NonPap-000058,NonPap-000058-S1,0,,2026-05-16 10:37,2026-05-16 10:37,2026-05-16 10:57,2026-05-16 10:57,2026-05-16 10:57,2026-05-16 11:32
NonPap-000059-S1,NonPap-000059,NonPap-000059,NonPap-000059-S1,0,,2026-05-16 12:46,2026-05-16 12:46,2026-05-16 13:06,2026-05-16 13:06,2026-05-17 10:44,2026-05-17 11:19
Pap-000053-S1,Pap-000053,Pap-000053,Pap-000053-S1,0,,2026-05-16 14:27,2026-05-16 14:27,2026-05-16 14:47,2026-05-16 14:47,2026-05-17 10:44,2026-05-17 11:19
NonPap-000060-S1,NonPap-000060,NonPap-000060,NonPap-000060-S1,0,,2026-05-17 09:00,2026-05-17 09:00,2026-05-17 09:20,2026-05-17 09:20,2026-05-17 10:44,2026-05-17 11:19
Pap-000054-S1,Pap-000054,Pap-000054,Pap-000054-S1,0,,2026-05-17 09:00,2026-05-17 09:00,2026-05-17 09:20,2026-05-17 09:20,2026-05-17 10:44,2026-05-17 11:19
Pap-000055-S1,Pap-000055,Pap-000055,Pap-000055-S1,0,,2026-05-17 10:24,2026-05-17 10:24,2026-05-17 10:44,2026-05-17 10:44,2026-05-17 10:44,2026-05-17 11:19
NonPap-000061-S1,NonPap-000061,NonPap-000061,NonPap-000061-S1,0,,2026-05-17 11:42,2026-05-17 11:42,2026-05-17 12:02,2026-05-17 12:02,2026-05-18 09:00,2026-05-18 09:35
NonPap-000062-S1,NonPap-000062,NonPap-000062,NonPap-000062-S1,0,,2026-05-17 15:46,2026-05-17 15:46,2026-05-17 16:06,2026-05-17 16:06,2026-05-18 09:00,2026-05-18 09:35
NonPap-000062-S2,NonPap-000062,NonPap-000062,NonPap-000062-S2,0,,2026-05-17 15:46,2026-05-17 15:46,2026-05-17 16:06,2026-05-17 16:06,2026-05-18 09:00,2026-05-18 09:35
NonPap-000062-S3,NonPap-000062,NonPap-000062,NonPap-000062-S3,0,,2026-05-17 15:46,2026-05-17 15:46,2026-05-17 16:06,2026-05-17 16:06,2026-05-18 09:00,2026-05-18 09:35
NonPap-000062-S4,NonPap-000062,NonPap-000062,NonPap-000062-S4,0,,2026-05-17 15:46,2026-05-17 15:46,2026-05-17 16:06,2026-05-17 16:06,2026-05-18 09:00,2026-05-18 09:35
Pap-000056-S1,Pap-000056,Pap-000056,Pap-000056-S1,0,,2026-05-18 09:00,2026-05-18 09:00,2026-05-18 09:20,2026-05-18 09:20,2026-05-18 11:20,2026-05-18 11:55
NonPap-000063-S1,NonPap-000063,NonPap-000063,NonPap-000063-S1,0,,2026-05-18 09:00,2026-05-18 09:00,2026-05-18 09:20,2026-05-18 09:20,2026-05-18 11:20,2026-05-18 11:55
NonPap-000064-S1,NonPap-000064,NonPap-000064,NonPap-000064-S1,0,,2026-05-18 09:13,2026-05-18 09:13,2026-05-18 09:33,2026-05-18 09:33,2026-05-18 11:20,2026-05-18 11:55
NonPap-000065-S1,NonPap-000065,NonPap-000065,NonPap-000065-S1,0,,2026-05-18 10:27,2026-05-18 10:27,2026-05-18 10:47,2026-05-18 10:47,2026-05-18 11:20,2026-05-18 11:55
Pap-000057-S1,Pap-000057,Pap-000057,Pap-000057-S1,0,,2026-05-18 11:00,2026-05-18 11:00,2026-05-18 11:20,2026-05-18 11:20,2026-05-18 11:20,2026-05-18 11:55
Pap-000058-S1,Pap-000058,Pap-000058,Pap-000058-S1,0,,2026-05-18 11:56,2026-05-18 11:56,2026-05-18 12:16,2026-05-18 12:16,2026-05-18 13:47,2026-05-18 14:22
NonPap-000066-S1,NonPap-000066,NonPap-000066,NonPap-000066-S1,0,,2026-05-18 12:16,2026-05-18 12:16,2026-05-18 12:36,2026-05-18 12:36,2026-05-18 13:47,2026-05-18 14:22
NonPap-000067-S1,NonPap-000067,NonPap-000067,NonPap-000067-S1,0,,2026-05-18 13:27,2026-05-18 13:27,2026-05-18 13:47,2026-05-18 13:47,2026-05-18 13:47,2026-05-18 14:22
NonPap-000067-S2,NonPap-000067,NonPap-000067,NonPap-000067-S2,0,,2026-05-18 13:27,2026-05-18 13:27,2026-05-18 13:47,2026-05-18 13:47,2026-05-18 13:47,2026-05-18 14:22
NonPap-000067-S3,NonPap-000067,NonPap-000067,NonPap-000067-S3,0,,2026-05-18 13:27,2026-05-18 13:27,2026-05-18 13:47,2026-05-18 13:47,2026-05-18 13:47,2026-05-18 14:22
NonPap-000067-S4,NonPap-000067,NonPap-000067,NonPap-000067-S4,0,,2026-05-18 13:27,2026-05-18 13:27,2026-05-18 13:47,2026-05-18 13:47,2026-05-19 11:51,2026-05-19 12:26
Pap-000059-S1,Pap-000059,Pap-000059,Pap-000059-S1,0,,2026-05-18 14:46,2026-05-18 14:46,2026-05-18 15:06,2026-05-18 15:06,2026-05-19 11:51,2026-05-19 12:26
NonPap-000068-S1,NonPap-000068,NonPap-000068,NonPap-000068-S1,0,,2026-05-19 09:00,2026-05-19 09:00,2026-05-19 09:20,2026-05-19 09:20,2026-05-19 11:51,2026-05-19 12:26
Pap-000060-S1,Pap-000060,Pap-000060,Pap-000060-S1,0,,2026-05-19 09:00,2026-05-19 09:00,2026-05-19 09:20,2026-05-19 09:20,2026-05-19 11:51,2026-05-19 12:26
NonPap-000069-S1,NonPap-000069,NonPap-000069,NonPap-000069-S1,0,,2026-05-19 11:31,2026-05-19 11:31,2026-05-19 11:51,2026-05-19 11:51,2026-05-19 11:51,2026-05-19 12:26
NonPap-000070-S1,NonPap-000070,NonPap-000070,NonPap-000070-S1,0,,2026-05-19 13:05,2026-05-19 13:05,2026-05-19 13:25,2026-05-19 13:25,2026-05-20 09:20,2026-05-20 09:55
Pap-000061-S1,Pap-000061,Pap-000061,Pap-000061-S1,0,,2026-05-19 13:46,2026-05-19 13:46,2026-05-19 14:06,2026-05-19 14:06,2026-05-20 09:20,2026-05-20 09:55
NonPap-000071-S1,NonPap-000071,NonPap-000071,NonPap-000071-S1,0,,2026-05-19 14:34,2026-05-19 14:34,2026-05-19 14:54,2026-05-19 14:54,2026-05-20 09:20,2026-05-20 09:55
NonPap-000072-S1,NonPap-000072,NonPap-000072,NonPap-000072-S1,0,,2026-05-19 16:15,2026-05-19 16:15,2026-05-19 16:35,2026-05-19 16:35,2026-05-20 09:20,2026-05-20 09:55
Pap-000062-S1,Pap-000062,Pap-000062,Pap-000062-S1,0,,2026-05-20 09:00,2026-05-20 09:00,2026-05-20 09:20,2026-05-20 09:20,2026-05-20 09:20,2026-05-20 09:55
NonPap-000073-S1,NonPap-000073,NonPap-000073,NonPap-000073-S1,0,,2026-05-20 09:00,2026-05-20 09:00,2026-05-20 09:20,2026-05-20 09:20,2026-05-20 13:05,2026-05-20 13:40
NonPap-000074-S1,NonPap-000074,NonPap-000074,NonPap-000074-S1,0,,2026-05-20 10:56,2026-05-20 10:56,2026-05-20 11:16,2026-05-20 11:16,2026-05-20 13:05,2026-05-20 13:40
Pap-000063-S1,Pap-000063,Pap-000063,Pap-000063-S1,0,,2026-05-20 12:24,2026-05-20 12:24,2026-05-20 12:44,2026-05-20 12:44,2026-05-20 13:05,2026-05-20 13:40
Pap-000064-S1,Pap-000064,Pap-000064,Pap-000064-S1,0,,2026-05-20 12:26,2026-05-20 12:26,2026-05-20 12:46,2026-05-20 12:46,2026-05-20 13:05,2026-05-20 13:40
Pap-000065-S1,Pap-000065,Pap-000065,Pap-000065-S1,0,,2026-05-20 12:45,2026-05-20 12:45,2026-05-20 13:05,2026-05-20 13:05,2026-05-20 13:05,2026-05-20 13:40
NonPap-000075-S1,NonPap-000075,NonPap-000075,NonPap-000075-S1,0,,2026-05-20 13:33,2026-05-20 13:33,2026-05-20 13:53,2026-05-20 13:53,2026-05-21 09:00,2026-05-21 09:35
NonPap-000075-S2,NonPap-000075,NonPap-000075,NonPap-000075-S2,0,,2026-05-20 13:33,2026-05-20 13:33,2026-05-20 13:53,2026-05-20 13:53,2026-05-21 09:00,2026-05-21 09:35
NonPap-000075-S3,NonPap-000075,NonPap-000075,NonPap-000075-S3,0,,2026-05-20 13:33,2026-05-20 13:33,2026-05-20 13:53,2026-05-20 13:53,2026-05-21 09:00,2026-05-21 09:35
NonPap-000075-S4,NonPap-000075,NonPap-000075,NonPap-000075-S4,0,,2026-05-20 13:33,2026-05-20 13:33,2026-05-20 13:53,2026-05-20 13:53,2026-05-21 09:00,2026-05-21 09:35
Pap-000065-S1-R1,Pap-000065,Pap-000065-R1,Pap-000065-S1,1,senior_pathologist,N/A,N/A,N/A,2026-05-20 17:30,2026-05-21 09:00,2026-05-21 09:35
Pap-000066-S1,Pap-000066,Pap-000066,Pap-000066-S1,0,,2026-05-21 09:00,2026-05-21 09:00,2026-05-21 09:20,2026-05-21 09:20,2026-05-21 12:39,2026-05-21 13:14
NonPap-000076-S1,NonPap-000076,NonPap-000076,NonPap-000076-S1,0,,2026-05-21 09:00,2026-05-21 09:00,2026-05-21 09:20,2026-05-21 09:20,2026-05-21 12:39,2026-05-21 13:14
NonPap-000077-S1,NonPap-000077,NonPap-000077,NonPap-000077-S1,0,,2026-05-21 10:53,2026-05-21 10:53,2026-05-21 11:13,2026-05-21 11:13,2026-05-21 12:39,2026-05-21 13:14
NonPap-000078-S1,NonPap-000078,NonPap-000078,NonPap-000078-S1,0,,2026-05-21 12:16,2026-05-21 12:16,2026-05-21 12:36,2026-05-21 12:36,2026-05-21 12:39,2026-05-21 13:14
Pap-000067-S1,Pap-000067,Pap-000067,Pap-000067-S1,0,,2026-05-21 12:19,2026-05-21 12:19,2026-05-21 12:39,2026-05-21 12:39,2026-05-21 12:39,2026-05-21 13:14
NonPap-000079-S1,NonPap-000079,NonPap-000079,NonPap-000079-S1,0,,2026-05-21 13:18,2026-05-21 13:18,2026-05-21 13:38,2026-05-21 13:38,2026-05-22 10:22,2026-05-22 10:57
Pap-000068-S1,Pap-000068,Pap-000068,Pap-000068-S1,0,,2026-05-21 16:22,2026-05-21 16:22,2026-05-21 16:42,2026-05-21 16:42,2026-05-22 10:22,2026-05-22 10:57
NonPap-000080-S1,NonPap-000080,NonPap-000080,NonPap-000080-S1,0,,2026-05-22 09:00,2026-05-22 09:00,2026-05-22 09:20,2026-05-22 09:20,2026-05-22 10:22,2026-05-22 10:57
Pap-000069-S1,Pap-000069,Pap-000069,Pap-000069-S1,0,,2026-05-22 09:00,2026-05-22 09:00,2026-05-22 09:20,2026-05-22 09:20,2026-05-22 10:22,2026-05-22 10:57
Pap-000070-S1,Pap-000070,Pap-000070,Pap-000070-S1,0,,2026-05-22 10:02,2026-05-22 10:02,2026-05-22 10:22,2026-05-22 10:22,2026-05-22 10:22,2026-05-22 10:57
Pap-000071-S1,Pap-000071,Pap-000071,Pap-000071-S1,0,,2026-05-22 10:48,2026-05-22 10:48,2026-05-22 11:08,2026-05-22 11:08,2026-05-22 16:27,2026-05-22 17:02
NonPap-000081-S1,NonPap-000081,NonPap-000081,NonPap-000081-S1,0,,2026-05-22 11:30,2026-05-22 11:30,2026-05-22 11:50,2026-05-22 11:50,2026-05-22 16:27,2026-05-22 17:02
NonPap-000082-S1,NonPap-000082,NonPap-000082,NonPap-000082-S1,0,,2026-05-22 14:38,2026-05-22 14:38,2026-05-22 14:58,2026-05-22 14:58,2026-05-22 16:27,2026-05-22 17:02
Pap-000072-S1,Pap-000072,Pap-000072,Pap-000072-S1,0,,2026-05-22 15:28,2026-05-22 15:28,2026-05-22 15:48,2026-05-22 15:48,2026-05-22 16:27,2026-05-22 17:02
NonPap-000083-S1,NonPap-000083,NonPap-000083,NonPap-000083-S1,0,,2026-05-22 16:07,2026-05-22 16:07,2026-05-22 16:27,2026-05-22 16:27,2026-05-22 16:27,2026-05-22 17:02
NonPap-000083-S2,NonPap-000083,NonPap-000083,NonPap-000083-S2,0,,2026-05-22 16:07,2026-05-22 16:07,2026-05-22 16:27,2026-05-22 16:27,2026-05-23 09:20,2026-05-23 09:55
NonPap-000083-S3,NonPap-000083,NonPap-000083,NonPap-000083-S3,0,,2026-05-22 16:07,2026-05-22 16:07,2026-05-22 16:27,2026-05-22 16:27,2026-05-23 09:20,2026-05-23 09:55
NonPap-000083-S4,NonPap-000083,NonPap-000083,NonPap-000083-S4,0,,2026-05-22 16:07,2026-05-22 16:07,2026-05-22 16:27,2026-05-22 16:27,2026-05-23 09:20,2026-05-23 09:55
Pap-000073-S1,Pap-000073,Pap-000073,Pap-000073-S1,0,,2026-05-23 09:00,2026-05-23 09:00,2026-05-23 09:20,2026-05-23 09:20,2026-05-23 09:20,2026-05-23 09:55
NonPap-000084-S1,NonPap-000084,NonPap-000084,NonPap-000084-S1,0,,2026-05-23 09:00,2026-05-23 09:00,2026-05-23 09:20,2026-05-23 09:20,2026-05-23 09:20,2026-05-23 09:55
Pap-000074-S1,Pap-000074,Pap-000074,Pap-000074-S1,0,,2026-05-23 11:51,2026-05-23 11:51,2026-05-23 12:11,2026-05-23 12:11,2026-05-23 14:52,2026-05-23 15:27
NonPap-000085-S1,NonPap-000085,NonPap-000085,NonPap-000085-S1,0,,2026-05-23 14:14,2026-05-23 14:14,2026-05-23 14:34,2026-05-23 14:34,2026-05-23 14:52,2026-05-23 15:27
NonPap-000086-S1,NonPap-000086,NonPap-000086,NonPap-000086-S1,0,,2026-05-23 14:22,2026-05-23 14:22,2026-05-23 14:42,2026-05-23 14:42,2026-05-23 14:52,2026-05-23 15:27
Pap-000075-S1,Pap-000075,Pap-000075,Pap-000075-S1,0,,2026-05-23 14:22,2026-05-23 14:22,2026-05-23 14:42,2026-05-23 14:42,2026-05-23 14:52,2026-05-23 15:27
NonPap-000087-S1,NonPap-000087,NonPap-000087,NonPap-000087-S1,0,,2026-05-23 14:32,2026-05-23 14:32,2026-05-23 14:52,2026-05-23 14:52,2026-05-23 14:52,2026-05-23 15:27
NonPap-000088-S1,NonPap-000088,NonPap-000088,NonPap-000088-S1,0,,2026-05-23 15:05,2026-05-23 15:05,2026-05-23 15:25,2026-05-23 15:25,2026-05-24 10:30,2026-05-24 11:05
NonPap-000089-S1,NonPap-000089,NonPap-000089,NonPap-000089-S1,0,,2026-05-23 16:12,2026-05-23 16:12,2026-05-23 16:32,2026-05-23 16:32,2026-05-24 10:30,2026-05-24 11:05
Pap-000076-S1,Pap-000076,Pap-000076,Pap-000076-S1,0,,2026-05-24 09:00,2026-05-24 09:00,2026-05-24 09:20,2026-05-24 09:20,2026-05-24 10:30,2026-05-24 11:05
NonPap-000090-S1,NonPap-000090,NonPap-000090,NonPap-000090-S1,0,,2026-05-24 09:00,2026-05-24 09:00,2026-05-24 09:20,2026-05-24 09:20,2026-05-24 10:30,2026-05-24 11:05
NonPap-000091-S1,NonPap-000091,NonPap-000091,NonPap-000091-S1,0,,2026-05-24 10:10,2026-05-24 10:10,2026-05-24 10:30,2026-05-24 10:30,2026-05-24 10:30,2026-05-24 11:05
Pap-000077-S1,Pap-000077,Pap-000077,Pap-000077-S1,0,,2026-05-24 12:13,2026-05-24 12:13,2026-05-24 12:33,2026-05-24 12:33,2026-05-25 09:20,2026-05-25 09:55
Pap-000078-S1,Pap-000078,Pap-000078,Pap-000078-S1,0,,2026-05-24 15:07,2026-05-24 15:07,2026-05-24 15:27,2026-05-24 15:27,2026-05-25 09:20,2026-05-25 09:55
NonPap-000092-S1,NonPap-000092,NonPap-000092,NonPap-000092-S1,0,,2026-05-25 09:00,2026-05-25 09:00,2026-05-25 09:20,2026-05-25 09:20,2026-05-25 09:20,2026-05-25 09:55
NonPap-000092-S2,NonPap-000092,NonPap-000092,NonPap-000092-S2,0,,2026-05-25 09:00,2026-05-25 09:00,2026-05-25 09:20,2026-05-25 09:20,2026-05-25 09:20,2026-05-25 09:55
NonPap-000092-S3,NonPap-000092,NonPap-000092,NonPap-000092-S3,0,,2026-05-25 09:00,2026-05-25 09:00,2026-05-25 09:20,2026-05-25 09:20,2026-05-25 09:20,2026-05-25 09:55
NonPap-000092-S4,NonPap-000092,NonPap-000092,NonPap-000092-S4,0,,2026-05-25 09:00,2026-05-25 09:00,2026-05-25 09:20,2026-05-25 09:20,2026-05-26 09:00,2026-05-26 09:35
Pap-000079-S1,Pap-000079,Pap-000079,Pap-000079-S1,0,,2026-05-25 09:00,2026-05-25 09:00,2026-05-25 09:20,2026-05-25 09:20,2026-05-26 09:00,2026-05-26 09:35
NonPap-000093-S1,NonPap-000093,NonPap-000093,NonPap-000093-S1,0,,2026-05-25 11:39,2026-05-25 11:39,2026-05-25 11:59,2026-05-25 11:59,2026-05-26 09:00,2026-05-26 09:35
NonPap-000094-S1,NonPap-000094,NonPap-000094,NonPap-000094-S1,0,,2026-05-25 14:56,2026-05-25 14:56,2026-05-25 15:16,2026-05-25 15:16,2026-05-26 09:00,2026-05-26 09:35
NonPap-000095-S1,NonPap-000095,NonPap-000095,NonPap-000095-S1,0,,2026-05-25 16:45,2026-05-25 16:45,2026-05-25 17:05,2026-05-25 17:05,2026-05-26 09:00,2026-05-26 09:35
Pap-000076-S1-R1,Pap-000076,Pap-000076-R1,Pap-000076-S1,1,senior_pathologist,N/A,N/A,N/A,2026-05-25 17:13,2026-05-26 10:25,2026-05-26 11:00
Pap-000080-S1,Pap-000080,Pap-000080,Pap-000080-S1,0,,2026-05-26 09:00,2026-05-26 09:00,2026-05-26 09:20,2026-05-26 09:20,2026-05-26 10:25,2026-05-26 11:00
NonPap-000096-S1,NonPap-000096,NonPap-000096,NonPap-000096-S1,0,,2026-05-26 09:00,2026-05-26 09:00,2026-05-26 09:20,2026-05-26 09:20,2026-05-26 10:25,2026-05-26 11:00
Pap-000081-S1,Pap-000081,Pap-000081,Pap-000081-S1,0,,2026-05-26 09:27,2026-05-26 09:27,2026-05-26 09:47,2026-05-26 09:47,2026-05-26 10:25,2026-05-26 11:00
Pap-000082-S1,Pap-000082,Pap-000082,Pap-000082-S1,0,,2026-05-26 10:05,2026-05-26 10:05,2026-05-26 10:25,2026-05-26 10:25,2026-05-26 10:25,2026-05-26 11:00
Pap-000083-S1,Pap-000083,Pap-000083,Pap-000083-S1,0,,2026-05-26 10:09,2026-05-26 10:09,2026-05-26 10:29,2026-05-26 10:29,2026-05-26 11:22,2026-05-26 11:57
NonPap-000097-S1,NonPap-000097,NonPap-000097,NonPap-000097-S1,0,,2026-05-26 10:50,2026-05-26 10:50,2026-05-26 11:10,2026-05-26 11:10,2026-05-26 11:22,2026-05-26 11:57
NonPap-000098-S1,NonPap-000098,NonPap-000098,NonPap-000098-S1,0,,2026-05-26 11:02,2026-05-26 11:02,2026-05-26 11:22,2026-05-26 11:22,2026-05-26 11:22,2026-05-26 11:57
NonPap-000098-S2,NonPap-000098,NonPap-000098,NonPap-000098-S2,0,,2026-05-26 11:02,2026-05-26 11:02,2026-05-26 11:22,2026-05-26 11:22,2026-05-26 11:22,2026-05-26 11:57
NonPap-000098-S3,NonPap-000098,NonPap-000098,NonPap-000098-S3,0,,2026-05-26 11:02,2026-05-26 11:02,2026-05-26 11:22,2026-05-26 11:22,2026-05-26 11:22,2026-05-26 11:57
NonPap-000098-S4,NonPap-000098,NonPap-000098,NonPap-000098-S4,0,,2026-05-26 11:02,2026-05-26 11:02,2026-05-26 11:22,2026-05-26 11:22,2026-05-26 11:57,2026-05-26 12:32
NonPap-000099-S1,NonPap-000099,NonPap-000099,NonPap-000099-S1,0,,2026-05-26 11:05,2026-05-26 11:05,2026-05-26 11:25,2026-05-26 11:25,2026-05-26 11:57,2026-05-26 12:32
NonPap-000099-S2,NonPap-000099,NonPap-000099,NonPap-000099-S2,0,,2026-05-26 11:05,2026-05-26 11:05,2026-05-26 11:25,2026-05-26 11:25,2026-05-26 11:57,2026-05-26 12:32
NonPap-000099-S3,NonPap-000099,NonPap-000099,NonPap-000099-S3,0,,2026-05-26 11:05,2026-05-26 11:05,2026-05-26 11:25,2026-05-26 11:25,2026-05-26 11:57,2026-05-26 12:32
NonPap-000099-S4,NonPap-000099,NonPap-000099,NonPap-000099-S4,0,,2026-05-26 11:05,2026-05-26 11:05,2026-05-26 11:25,2026-05-26 11:25,2026-05-26 11:57,2026-05-26 12:32
Pap-000084-S1,Pap-000084,Pap-000084,Pap-000084-S1,0,,2026-05-26 12:04,2026-05-26 12:04,2026-05-26 12:24,2026-05-26 12:24,2026-05-27 09:20,2026-05-27 09:55
Pap-000085-S1,Pap-000085,Pap-000085,Pap-000085-S1,0,,2026-05-26 13:37,2026-05-26 13:37,2026-05-26 13:57,2026-05-26 13:57,2026-05-27 09:20,2026-05-27 09:55
NonPap-000100-S1,NonPap-000100,NonPap-000100,NonPap-000100-S1,0,,2026-05-26 13:54,2026-05-26 13:54,2026-05-26 14:14,2026-05-26 14:14,2026-05-27 09:20,2026-05-27 09:55
Pap-000086-S1,Pap-000086,Pap-000086,Pap-000086-S1,0,,2026-05-27 09:00,2026-05-27 09:00,2026-05-27 09:20,2026-05-27 09:20,2026-05-27 09:20,2026-05-27 09:55
NonPap-000101-S1,NonPap-000101,NonPap-000101,NonPap-000101-S1,0,,2026-05-27 09:00,2026-05-27 09:00,2026-05-27 09:20,2026-05-27 09:20,2026-05-27 09:20,2026-05-27 09:55
NonPap-000102-S1,NonPap-000102,NonPap-000102,NonPap-000102-S1,0,,2026-05-27 12:50,2026-05-27 12:50,2026-05-27 13:10,2026-05-27 13:10,2026-05-27 15:38,2026-05-27 16:13
NonPap-000102-S2,NonPap-000102,NonPap-000102,NonPap-000102-S2,0,,2026-05-27 12:50,2026-05-27 12:50,2026-05-27 13:10,2026-05-27 13:10,2026-05-27 15:38,2026-05-27 16:13
NonPap-000102-S3,NonPap-000102,NonPap-000102,NonPap-000102-S3,0,,2026-05-27 12:50,2026-05-27 12:50,2026-05-27 13:10,2026-05-27 13:10,2026-05-27 15:38,2026-05-27 16:13
NonPap-000102-S4,NonPap-000102,NonPap-000102,NonPap-000102-S4,0,,2026-05-27 12:50,2026-05-27 12:50,2026-05-27 13:10,2026-05-27 13:10,2026-05-27 15:38,2026-05-27 16:13
NonPap-000103-S1,NonPap-000103,NonPap-000103,NonPap-000103-S1,0,,2026-05-27 15:18,2026-05-27 15:18,2026-05-27 15:38,2026-05-27 15:38,2026-05-27 15:38,2026-05-27 16:13
Pap-000087-S1,Pap-000087,Pap-000087,Pap-000087-S1,0,,2026-05-28 09:00,2026-05-28 09:00,2026-05-28 09:20,2026-05-28 09:20,2026-05-29 09:20,2026-05-29 09:55
NonPap-000104-S1,NonPap-000104,NonPap-000104,NonPap-000104-S1,0,,2026-05-28 09:00,2026-05-28 09:00,2026-05-28 09:20,2026-05-28 09:20,2026-05-29 09:20,2026-05-29 09:55
Pap-000088-S1,Pap-000088,Pap-000088,Pap-000088-S1,0,,2026-05-28 09:10,2026-05-28 09:10,2026-05-28 09:30,2026-05-28 09:30,2026-05-29 09:20,2026-05-29 09:55
NonPap-000105-S1,NonPap-000105,NonPap-000105,NonPap-000105-S1,0,,2026-05-28 09:43,2026-05-28 09:43,2026-05-28 10:03,2026-05-28 10:03,2026-05-29 09:20,2026-05-29 09:55
Pap-000089-S1,Pap-000089,Pap-000089,Pap-000089-S1,0,,2026-05-29 09:00,2026-05-29 09:00,2026-05-29 09:20,2026-05-29 09:20,2026-05-29 09:20,2026-05-29 09:55
NonPap-000106-S1,NonPap-000106,NonPap-000106,NonPap-000106-S1,0,,2026-05-29 09:00,2026-05-29 09:00,2026-05-29 09:20,2026-05-29 09:20,2026-05-29 15:17,2026-05-29 15:52
NonPap-000107-S1,NonPap-000107,NonPap-000107,NonPap-000107-S1,0,,2026-05-29 12:30,2026-05-29 12:30,2026-05-29 12:50,2026-05-29 12:50,2026-05-29 15:17,2026-05-29 15:52
Pap-000090-S1,Pap-000090,Pap-000090,Pap-000090-S1,0,,2026-05-29 13:50,2026-05-29 13:50,2026-05-29 14:10,2026-05-29 14:10,2026-05-29 15:17,2026-05-29 15:52
Pap-000091-S1,Pap-000091,Pap-000091,Pap-000091-S1,0,,2026-05-29 14:03,2026-05-29 14:03,2026-05-29 14:23,2026-05-29 14:23,2026-05-29 15:17,2026-05-29 15:52
NonPap-000108-S1,NonPap-000108,NonPap-000108,NonPap-000108-S1,0,,2026-05-29 14:57,2026-05-29 14:57,2026-05-29 15:17,2026-05-29 15:17,2026-05-29 15:17,2026-05-29 15:52
NonPap-000109-S1,NonPap-000109,NonPap-000109,NonPap-000109-S1,0,,2026-05-29 16:58,2026-05-29 16:58,2026-05-29 17:18,2026-05-29 17:18,2026-05-31 09:20,2026-05-31 09:55
Pap-000092-S1,Pap-000092,Pap-000092,Pap-000092-S1,0,,2026-05-30 09:00,2026-05-30 09:00,2026-05-30 09:20,2026-05-30 09:20,2026-05-31 09:20,2026-05-31 09:55
NonPap-000110-S1,NonPap-000110,NonPap-000110,NonPap-000110-S1,0,,2026-05-30 09:00,2026-05-30 09:00,2026-05-30 09:20,2026-05-30 09:20,2026-05-31 09:20,2026-05-31 09:55
Pap-000093-S1,Pap-000093,Pap-000093,Pap-000093-S1,0,,2026-05-30 16:27,2026-05-30 16:27,2026-05-30 16:47,2026-05-30 16:47,2026-05-31 09:20,2026-05-31 09:55
NonPap-000111-S1,NonPap-000111,NonPap-000111,NonPap-000111-S1,0,,2026-05-31 09:00,2026-05-31 09:00,2026-05-31 09:20,2026-05-31 09:20,2026-05-31 09:20,2026-05-31 09:55
Pap-000094-S1,Pap-000094,Pap-000094,Pap-000094-S1,0,,2026-05-31 09:00,2026-05-31 09:00,2026-05-31 09:20,2026-05-31 09:20,N/A,N/A
NonPap-000112-S1,NonPap-000112,NonPap-000112,NonPap-000112-S1,0,,2026-05-31 11:22,2026-05-31 11:22,2026-05-31 11:42,2026-05-31 11:42,N/A,N/A
Pap-000095-S1,Pap-000095,Pap-000095,Pap-000095-S1,0,,2026-05-31 12:42,2026-05-31 12:42,2026-05-31 13:02,2026-05-31 13:02,N/A,N/A
Pap-000096-S1,Pap-000096,Pap-000096,Pap-000096-S1,0,,2026-05-31 13:14,2026-05-31 13:14,2026-05-31 13:34,2026-05-31 13:34,N/A,N/A
Pap-000097-S1,Pap-000097,Pap-000097,Pap-000097-S1,0,,2026-05-31 15:33,2026-05-31 15:33,2026-05-31 15:53,2026-05-31 15:53,N/A,N/A
